序号_C,提交时间_C,答题时长_C,问卷来源_C,来源详情_C,IP_C,问卷总分_C,性别_1_1_C,年龄_1_2_C,与老人居住关系_1_3_C,老人年龄_1_4_C,老人健康状况_1_5_C,居住行政区_1_6_C,为老人装过扶手_1_7_C,扶手安装场景_卫生间_2_1_1_C,扶手安装场景_床边_2_1_2_C,扶手安装场景_楼道_2_1_3_C,扶手安装场景_阳台_2_1_4_C,扶手安装场景_其他_2_1_5_C,扶手偏好类型_基础不锈钢_2_2_1_C,扶手偏好类型_可折叠_2_2_2_C,扶手偏好类型_防滑_2_2_3_C,扶手偏好类型_智能预警_2_2_4_C,扶手偏好类型_其他_2_2_5_C,可接受价格_2_3_C,服务期望_免费安装_2_4_1_C,服务期望_24小时售后_2_4_2_C,服务期望_定期维护_2_4_3_C,服务期望_上门教学_2_4_4_C,服务期望_其他_2_4_5_C,照护价值_3_1_1_C,照护价值_3_1_2_C,照护价值_3_1_3_C,照护价值_3_1_4_C,代际责任_3_2_1_C,代际责任_3_2_2_C,代际责任_3_2_3_C,代际责任_3_2_4_C,决策便利_3_3_1_C,决策便利_3_3_2_C,决策便利_3_3_3_C,决策便利_3_3_4_C,资源投入_3_4_1_C,资源投入_3_4_2_C,资源投入_3_4_3_C,资源投入_3_4_4_C,认知偏差_3_5_1_C,认知偏差_3_5_2_C,认知偏差_3_5_3_C,认知偏差_3_5_4_C,购买意愿_3_6_1_C,购买意愿_3_6_2_C,购买意愿_3_6_3_C,扶手相关问题反馈_4_1_C,外部支持需求_4_2_C
1,2026-02-25T05:10:16Z,343,微信,,117.9.236.87(天津-天津),63,2,3,2,3,2,2,1,1,0,1,0,0,0,0,1,0,0,5,1,0,1,0,0,5,2,2,2,2,2,2,1,5,5,3,4,2,3,2,2,4,2,4,2,2,2,3,现在扶手的功能太单一了，要是能集成个温度计或者小夜灯，可能会更实用。,
2,2026-02-25T05:11:54Z,300,微信,,36.106.110.61(天津-天津),73,1,3,2,3,2,2,2,1,1,1,0,0,0,1,0,0,0,3,1,0,1,1,0,2,4,3,4,4,3,3,1,4,3,2,3,4,2,4,3,3,4,4,5,4,1,3,买扶手最大的问题是不知道哪种好，网上一搜一大堆，都说自己结实，可咱也看不出来啊。,希望政府发布年度优质案例，树立标杆。
3,2026-02-25T05:13:29Z,301,微信,,111.32.61.135(天津-天津),81,2,5,2,4,1,5,2,1,1,0,1,0,0,0,0,1,0,3,1,0,1,0,0,3,3,3,3,3,5,4,3,5,4,4,3,4,4,3,3,4,2,3,3,5,4,3,有的吸盘式扶手，说明书上写可以吸在瓷砖上，但我们家瓷砖是凹凸的，根本吸不住。,
4,2026-02-25T05:13:48Z,296,微信,,101.39.8.7(北京-北京),77,1,4,2,4,3,4,2,1,0,1,0,0,0,0,1,0,0,2,1,0,0,0,0,4,2,3,2,4,4,4,4,5,4,3,4,2,2,2,2,5,3,5,5,2,3,3,希望能根据我们的身高来定高度，别一个尺寸套所有人。,政府官网信息太复杂，弄个大字版明白纸贴楼道就行。
5,2026-02-25T05:14:39Z,310,微信,,60.25.189.5(天津-天津),51,1,4,2,4,1,5,2,1,0,1,0,0,0,1,0,0,0,3,0,1,1,1,0,1,1,1,1,2,3,1,2,3,3,3,2,1,2,2,2,5,3,4,5,1,1,2,,
6,2026-02-25T05:16:12Z,278,微信,,60.27.136.137(天津-天津),73,1,1,2,2,2,4,1,1,0,0,0,0,1,0,0,0,0,1,1,0,0,1,1,2,3,4,1,4,5,5,4,3,2,2,2,3,4,3,4,4,2,3,4,2,4,3,扶手的边角太尖锐，没有做圆滑处理，老人不小心碰到就会受伤，设计太粗心。,能不能和长护险结合？符合条件直接免费装。
7,2026-02-25T05:17:40Z,201,微信,,218.67.233.96(天津-天津),71,2,3,3,4,1,1,1,1,0,1,1,1,0,0,1,0,0,3,0,1,0,0,0,4,4,4,4,5,4,4,4,2,3,2,1,4,2,3,3,2,1,3,2,3,3,4,,
8,2026-02-25T05:18:36Z,286,微信,,111.30.225.189(天津-天津),98,2,2,2,3,2,3,2,1,0,1,1,0,0,0,1,0,0,2,1,1,0,1,0,5,5,5,5,5,5,4,5,4,4,5,3,5,5,5,5,3,1,3,3,4,5,4,想给老人换个新的，但旧的拆下来墙上留了好几个大洞，还得找人补墙，麻烦得很。,
9,2026-02-25T05:19:44Z,347,微信,,60.27.177.236(天津-天津),102,1,4,2,3,1,5,2,1,0,1,0,0,1,0,0,0,0,3,1,0,0,1,1,5,5,5,5,5,5,4,4,5,4,5,4,5,4,5,5,3,5,3,4,5,3,4,,
10,2026-02-25T05:20:23Z,241,微信,,36.106.182.50(天津-天津),84,1,3,3,4,2,2,2,1,0,1,0,0,0,0,0,1,0,5,1,0,1,1,1,4,5,4,4,4,3,4,4,3,4,3,2,4,3,4,4,2,4,4,3,5,4,3,产品没做圆角处理，我妈有次磕到手背，青了好几天。,希望能有专门的适老化改造顾问上门评估，专业的人说话比我们管用，老人信专家。
11,2026-02-25T05:21:43Z,187,微信,,111.167.207.35(天津-天津),92,2,2,3,2,1,5,1,1,1,1,1,0,0,1,0,0,0,2,1,0,1,1,1,3,4,2,3,4,5,5,5,2,4,4,5,4,4,5,4,5,3,4,4,5,5,3,政府能不能统一采购？这样质量有保证，价格肯定比外面便宜。,希望社区能提供免费的扶手维护服务，定期上门检查、拧紧螺丝，让老人用得放心，也让我们子女少操心。
12,2026-02-25T05:23:09Z,270,微信,,111.32.106.107(天津-天津),102,2,1,1,2,1,3,2,1,1,1,0,0,0,1,0,0,0,4,1,0,1,0,0,5,5,4,4,5,4,5,4,4,5,5,4,5,3,5,5,3,4,5,4,5,4,5,,
13,2026-02-25T05:24:45Z,299,微信,,111.33.232.159(天津-天津),76,2,4,3,4,2,5,1,1,1,0,1,1,0,0,0,0,1,2,1,0,0,1,0,4,4,3,3,5,3,3,4,2,3,2,3,3,4,3,3,5,5,4,4,1,2,3,网格员要是能来家里帮忙量量尺寸就好了，我们自己量不准。,别光发传单，搞个现场体验活动，让爸妈亲手试试不同款式。
14,2026-02-25T05:25:32Z,221,微信,,218.69.226.108(天津-天津),96,2,2,1,3,3,2,2,0,0,1,0,1,0,0,1,0,0,2,1,0,1,0,0,5,4,4,5,5,5,5,5,4,5,4,5,3,4,4,4,4,3,4,3,4,3,4,,
15,2026-02-25T05:25:38Z,257,微信,,111.162.129.231(天津-天津),63,1,2,1,1,1,1,1,1,1,1,1,0,0,0,1,0,0,2,1,0,1,1,0,3,3,3,1,3,2,3,3,3,1,2,3,3,3,3,3,3,1,1,2,4,5,5,,我觉得还可以把防跌倒和智慧养老结合起来，比如扶手带报警功能，但操作得简单，一按就行。
16,2026-02-25T05:26:54Z,354,微信,,111.162.183.75(天津-天津),85,1,3,2,4,3,4,2,1,0,1,1,0,0,0,1,0,0,2,1,0,0,1,0,5,5,4,4,4,3,4,4,5,5,3,5,5,4,5,3,1,1,3,1,3,4,4,安装师傅上门只管拧螺丝，根本不问老人怎么起身、习惯哪边借力。,希望政府能出台规定，要求新建小区必须安装防跌倒扶手，这样老人住进去就自然有保障了。
17,2026-02-25T05:28:36Z,271,微信,,111.31.185.34(天津-天津),79,2,3,3,3,2,5,2,1,1,0,0,1,1,0,0,0,0,2,0,1,1,0,0,3,3,4,3,4,4,5,5,3,5,4,5,4,4,4,4,2,1,1,2,2,3,4,,能不能和社区食堂联动？吃饭时放个宣传屏，潜移默化。
18,2026-02-25T05:29:22Z,248,微信,,111.162.128.189(天津-天津),96,2,3,3,4,2,4,2,1,1,1,0,0,0,1,0,0,0,2,1,1,1,1,0,5,4,5,5,5,5,5,5,5,4,4,5,4,3,4,3,3,3,3,3,4,4,5,产品设计上，我觉得扶手应该做得更轻便易携一些，方便老人外出使用。购买渠道嘛，我觉得应该多开些实体店，让老人能亲自去挑。安装服务挺好的，师傅很细心，还帮老人调整了扶手高度。,
19,2026-02-25T05:29:40Z,217,微信,,180.212.253.12(天津-天津),66,1,2,3,2,1,5,1,1,0,1,1,0,0,0,1,0,0,4,1,0,1,0,0,2,4,4,4,1,2,2,3,1,3,1,3,3,4,4,3,1,2,1,3,5,5,5,购买时看不到产品的实际承重数据，商家只吹得好听，真不敢让老人放心用，怕出安全问题。,别光推高端款，也提供基础实惠型，满足不同经济条件。
20,2026-02-25T05:30:33Z,260,微信,,111.30.243.155(天津-天津),88,2,3,2,3,1,3,2,1,1,0,0,0,0,0,1,0,0,3,1,0,1,1,0,5,4,2,3,4,3,4,4,4,5,4,3,4,5,5,4,3,2,4,3,4,4,5,,
21,2026-02-25T05:30:53Z,298,微信,,111.30.195.185(天津-天津),85,1,1,2,2,2,3,1,1,1,1,0,0,0,0,0,0,1,3,1,1,1,1,0,3,5,5,4,3,3,2,4,4,4,4,3,3,4,2,5,3,4,4,5,4,3,4,,
22,2026-02-25T05:32:20Z,190,微信,,60.27.191.74(天津-天津),86,2,5,3,4,3,2,2,1,0,1,0,1,0,0,1,0,0,5,1,0,1,0,0,5,4,4,4,4,4,4,4,4,3,3,4,4,4,4,5,1,2,2,3,5,4,5,扶手设计得太单调了，没有创意，应该出点有特色的。购买渠道倒是挺多的，但网上买物流太慢了。安装服务还行，师傅装得挺快的，但没打扫干净现场。,
23,2026-02-25T05:32:43Z,340,微信,,117.10.62.44(天津-天津),95,2,3,2,4,1,1,1,1,0,1,0,0,0,0,1,0,0,3,1,0,0,1,0,4,5,4,3,4,4,4,5,5,5,4,4,4,3,4,4,4,4,4,3,4,5,5,,能不能出家庭套装优惠？马桶、淋浴、走廊一套配齐。
24,2026-02-25T05:33:00Z,222,微信,,36.106.126.251(天津-天津),88,1,5,3,4,1,4,1,1,0,1,1,0,1,0,0,0,0,2,1,0,0,1,0,4,3,5,2,5,5,4,5,4,3,4,5,2,2,1,3,4,5,5,5,4,4,4,,
25,2026-02-25T05:33:29Z,241,微信,,101.39.8.107(北京-北京),54,2,4,1,4,3,2,2,1,1,1,0,0,1,0,0,0,0,3,0,0,1,0,0,3,3,4,3,4,1,2,1,2,2,1,2,2,2,1,1,3,2,2,1,4,3,5,,
26,2026-02-25T05:35:11Z,211,微信,,111.33.217.5(天津-天津),85,2,2,1,2,2,2,1,1,0,0,0,0,0,0,0,0,1,2,1,0,0,0,1,4,4,4,4,4,4,5,5,3,3,4,3,5,4,4,5,2,2,2,2,2,5,5,安装收费不透明，上门后又额外加钱，说什么墙面难打、配件不够，变相乱收费。,希望政府设立专项投诉渠道，响应快、处理及时。
27,2026-02-25T05:36:01Z,208,微信,,36.106.247.122(天津-天津),73,1,1,3,3,2,4,2,1,1,1,1,0,0,0,1,0,0,2,1,0,1,1,0,2,2,3,2,5,4,4,5,1,2,3,3,2,1,2,3,4,5,4,4,4,4,4,,
28,2026-02-25T05:36:42Z,352,微信,,111.33.223.234(天津-天津),70,1,2,2,1,1,1,1,1,1,1,0,0,0,1,0,0,0,3,1,0,1,1,0,5,5,3,5,5,4,5,3,2,3,2,4,2,1,1,2,4,3,3,2,2,2,2,,
29,2026-02-25T05:37:11Z,240,微信,,60.30.37.33(天津-天津),65,1,2,2,1,1,1,2,0,0,1,0,0,1,0,0,0,0,2,1,1,1,0,0,3,2,2,3,3,2,2,2,4,3,4,4,3,3,3,4,2,3,3,3,3,1,3,,
30,2026-02-25T05:38:22Z,214,微信,,111.161.188.100(天津-天津),96,1,2,2,3,1,3,1,1,1,1,0,0,0,0,1,0,0,2,1,0,1,0,0,4,5,4,5,5,4,5,4,4,4,4,5,4,5,4,4,4,4,3,2,4,5,4,,
31,2026-02-25T05:39:19Z,313,微信,,218.68.211.222(天津-天津),94,2,2,3,3,3,3,2,1,0,0,0,1,0,1,0,0,0,4,1,0,0,1,0,4,2,3,3,5,5,5,5,5,3,4,3,5,3,4,4,5,4,4,5,5,4,4,,
32,2026-02-25T05:40:10Z,283,微信,,117.9.236.79(天津-天津),85,1,3,1,3,2,4,1,1,0,1,0,0,0,0,0,0,1,2,1,1,0,0,0,3,3,2,4,4,4,3,5,4,3,4,4,3,3,4,4,5,4,4,5,4,4,2,,安装后提供电子档案，扫码就能查保修信息。
33,2026-02-25T05:40:19Z,199,微信,,115.187.0.146(辽宁-沈阳),69,2,2,1,2,1,5,1,1,0,1,0,0,0,1,0,0,0,2,1,0,1,1,0,1,2,2,3,4,4,5,3,4,3,2,2,4,3,4,2,4,2,2,1,4,4,4,产品没个统一标准，这家说承重100公斤，那家说150，谁知道真的假的？,社区服务里能不能有专门的人教老人如何正确使用扶手，比如怎么抓，怎么借力之类的。
34,2026-02-25T05:40:25Z,214,微信,,101.39.5.68(北京-北京),99,1,2,2,4,2,4,2,1,1,1,1,0,0,0,1,0,0,3,1,0,1,1,0,5,5,5,3,5,5,4,5,3,4,3,5,5,5,4,3,3,4,4,4,5,5,5,,希望优先覆盖独居、高龄老人，他们最需要也最抗拒。
35,2026-02-25T05:40:44Z,233,微信,,103.63.155.30(辽宁-沈阳),76,1,1,1,3,3,1,2,1,0,1,1,0,0,0,1,0,0,2,1,0,0,0,0,3,4,3,1,3,4,4,4,3,2,2,4,4,3,4,3,5,5,4,4,3,2,2,安装师傅穿拖鞋就来了，工具也不专业，看着就不放心。,社区服务里能不能有专门的心理咨询，让老人克服对使用扶手的心理障碍，比如觉得丢脸之类的。
36,2026-02-25T05:41:30Z,294,微信,,125.38.233.23(天津-天津),74,2,2,3,1,2,3,2,1,1,1,0,1,0,1,0,0,0,2,1,1,1,0,0,4,4,2,4,3,3,3,4,2,3,3,2,3,4,5,4,3,4,2,3,3,4,2,扶手离墙太近，手指插不进去，只能用手掌推，使不上力。,希望有那种义工或者社工，能定期来家里陪老人说说话，顺便检查检查扶手还结实不。
37,2026-02-25T05:42:24Z,318,微信,,117.12.147.127(天津-天津),86,1,1,2,1,1,3,1,1,1,1,1,0,0,0,0,1,0,3,1,1,1,1,0,4,4,5,5,3,3,4,2,3,4,2,3,5,4,4,5,4,2,4,4,4,5,3,,
38,2026-02-25T05:43:28Z,217,微信,,125.38.104.50(天津-天津),87,2,2,2,1,1,3,1,1,0,1,0,0,1,0,0,0,0,1,1,0,0,1,0,4,5,3,3,4,4,5,4,3,3,5,4,3,3,2,5,4,4,3,3,4,5,4,产品设计方面，我觉得扶手应该做得更耐用抗磨损一些，有些扶手用没多久就掉漆了。购买渠道嘛，我觉得应该多在电视购物上卖卖，让老人知道有哪些好产品。安装服务还行，师傅装得挺快的，但没打扫干净安装时产生的垃圾。,
39,2026-02-25T05:44:49Z,260,微信,,60.27.177.236(天津-天津),95,1,2,1,1,1,1,2,1,1,1,0,0,0,0,1,0,0,3,1,0,1,1,0,4,4,4,5,5,4,5,5,4,4,4,4,2,3,4,4,4,5,5,5,4,3,4,有的扶手弯头的地方处理得不好，有毛刺，老人手嫩，万一划一下可不得了。,
40,2026-02-25T05:46:14Z,320,微信,,106.47.194.246(天津-天津),84,1,2,1,2,3,2,1,1,1,0,1,0,0,0,1,0,0,3,0,0,1,0,0,3,3,4,4,3,5,4,4,2,3,2,3,5,5,5,5,3,3,3,2,5,4,4,安装后没留任何凭证，保修都不知道找谁。,安装的时候能不能简单点，别搞得家里乌烟瘴气的，最好是无尘安装，老人最烦打扫卫生。
41,2026-02-25T05:46:42Z,229,微信,,111.162.167.61(天津-天津),96,1,3,1,2,2,1,1,1,1,1,1,0,0,0,0,0,1,2,1,0,1,0,0,3,4,4,4,4,4,5,5,4,5,4,4,5,5,5,4,4,5,3,3,4,4,4,扶手设计得太短了，老人有时候需要借力走远点，根本不够用。购买渠道倒是挺多的，但价格差异大，不知道该选哪个。安装服务一般般，师傅装完就走，也不教教老人怎么用。,
42,2026-02-25T05:46:50Z,256,微信,,117.13.156.82(天津-天津),59,2,1,1,1,1,5,2,1,0,1,1,0,0,0,1,0,0,3,1,0,1,1,0,2,3,2,4,5,2,4,2,3,2,3,2,3,3,3,3,3,1,2,1,2,3,1,,
43,2026-02-25T05:47:42Z,350,微信,,111.162.191.43(天津-天津),80,2,3,2,4,3,3,2,1,1,1,0,0,1,0,0,0,0,2,1,0,0,1,0,5,5,3,4,2,4,3,3,3,2,3,3,4,5,3,4,3,5,5,3,3,2,3,,
44,2026-02-25T05:48:19Z,354,微信,,111.32.76.54(天津-天津),102,2,2,3,3,2,5,2,1,0,0,0,0,0,0,1,0,0,2,0,0,1,1,0,5,5,5,5,5,5,5,5,5,4,5,3,5,3,4,4,4,4,4,4,4,5,4,安装支架外露太多，我妈走路老蹭到胳膊，疼。,社区服务里能不能有紧急救援服务，如果老人使用扶手时还是不小心跌倒了，能及时得到帮助。
45,2026-02-25T05:49:01Z,323,微信,,60.24.211.205(天津-天津),105,1,3,1,4,3,2,2,1,0,1,0,0,1,0,0,0,0,2,1,0,1,0,1,5,4,4,5,4,5,5,5,5,4,5,4,4,5,5,4,4,5,5,4,5,5,4,材质方面，那种不锈钢的太滑了，老人手上没劲儿，一出汗更握不住。,政府如果能给生产高质量扶手的厂家一些税收优惠，让他们有动力研发更好的产品，我们也能受益。
46,2026-02-25T05:49:52Z,189,微信,,60.27.191.74(天津-天津),79,1,3,1,3,2,6,1,1,0,1,0,0,0,1,0,0,0,2,1,0,0,1,0,4,5,3,4,1,2,1,3,5,3,3,3,5,4,3,4,5,5,5,5,2,2,2,没有靠谱的购买渠道推荐，问朋友、问社区都不知道，只能自己在网上瞎找，心里没底。,别等到下雨天台阶滑了才想起装楼道扶手，要提前预防。
47,2026-02-25T05:50:16Z,338,微信,,111.162.216.116(天津-天津),81,1,3,3,3,2,5,2,0,1,1,1,0,0,0,1,0,0,5,1,0,1,1,0,3,4,4,3,4,4,3,4,3,4,5,4,2,2,2,2,4,4,3,4,5,4,4,我们去买的时候，导购自己也说不清楚承重是多少，就一个劲儿说能站俩人，谁信啊。,
48,2026-02-25T05:50:49Z,238,微信,,111.32.123.149(天津-天津),88,2,4,2,3,1,1,2,1,0,1,0,1,0,0,1,0,0,2,1,1,1,1,0,5,4,5,5,3,4,4,5,3,4,4,4,5,4,4,5,2,2,3,1,4,4,4,安装工具太老旧，螺丝拧花，后期想调都调不了。,如果安装扶手破坏了墙面，社区能不能帮忙联系师傅给补一下漆，我们找不着人。
49,2026-02-25T05:51:04Z,320,微信,,111.32.125.68(天津-天津),71,2,5,2,4,2,6,2,1,0,1,1,0,1,0,0,0,0,3,1,0,1,1,1,2,2,2,1,5,3,4,4,5,5,5,4,2,3,3,3,4,2,1,3,3,2,3,安装需要自己准备工具和配件，我们年轻人也不懂这些，跑好几趟建材市场才能买齐。,希望政府购买第三方监理，确保安装质量。
50,2026-02-25T05:51:55Z,268,微信,,36.106.187.10(天津-天津),87,1,3,1,3,1,1,2,1,1,1,0,1,0,0,1,0,0,1,1,0,1,1,1,4,5,5,4,4,5,5,3,2,3,4,4,4,4,3,4,2,3,3,3,3,5,5,扶手表面的漆，用久了会不会掉？万一掉漆生锈，我们也不知道怎么翻新。,
51,2026-02-25T05:52:28Z,286,微信,,111.32.76.47(天津-天津),95,1,1,1,1,2,1,2,1,1,1,0,1,0,1,0,0,0,1,1,0,1,1,0,5,5,4,4,5,5,5,5,4,4,5,5,4,5,4,4,3,3,2,2,4,4,4,,
52,2026-02-25T05:52:38Z,232,微信,,60.25.189.5(天津-天津),102,1,1,1,2,1,5,1,1,1,0,1,0,0,0,1,0,0,2,1,1,1,0,0,5,5,5,4,3,5,4,4,4,5,4,4,4,5,5,3,4,4,5,5,5,5,5,,
53,2026-02-25T05:53:19Z,243,微信,,180.213.151.112(天津-天津),104,1,2,2,1,1,5,2,1,1,1,1,0,1,0,0,0,0,5,1,1,1,1,0,4,3,5,4,5,5,5,5,5,4,4,4,5,5,3,5,5,5,4,4,5,5,5,没有适配老房瓷砖的安装配件，打孔就崩瓷，修都修不好。,社区能不能组织一些志愿者，帮老人挑选适合的防跌倒扶手，根据他们的身体状况和家居环境。
54,2026-02-25T05:54:09Z,293,微信,,111.162.186.252(天津-天津),80,1,5,2,4,3,5,2,1,1,1,0,0,0,1,0,0,0,3,1,1,0,0,0,4,4,2,2,5,5,4,5,3,3,3,1,3,4,3,4,4,4,4,3,3,4,3,,
55,2026-02-25T05:54:33Z,256,微信,,103.63.155.18(辽宁-沈阳),97,2,3,3,3,3,3,1,1,1,0,0,0,0,1,0,0,0,5,1,1,1,1,0,4,4,4,5,3,3,5,3,4,5,4,4,3,5,4,3,5,4,5,5,5,5,5,,
56,2026-02-25T05:55:22Z,241,微信,,111.33.254.48(天津-天津),82,2,3,3,4,3,3,1,1,0,1,0,0,0,0,0,0,1,5,1,0,0,0,0,5,4,3,5,4,4,4,4,1,1,2,2,4,5,4,3,5,5,4,5,2,4,2,别光给安在厕所里，卧室床边其实更急用，起夜的时候最危险。,装完别急着走，现场演示怎么起身、转身最省力。
57,2026-02-25T05:55:32Z,188,微信,,111.163.141.207(天津-天津),101,2,1,1,2,2,5,2,0,0,1,0,1,0,0,0,1,0,3,0,1,1,0,1,4,5,4,5,4,5,5,4,5,5,5,4,5,4,4,4,4,4,3,4,5,5,4,产品的颜色能不能做成长者友好的，比如鲜艳点，老人视力不好，一眼得能看见。,
58,2026-02-25T05:56:03Z,187,微信,,111.30.231.93(天津-天津),97,2,2,1,3,3,1,2,1,1,1,0,0,0,0,1,0,0,2,1,0,1,1,0,4,4,4,4,5,5,4,4,4,4,4,3,3,5,4,4,5,4,4,5,4,5,5,,
59,2026-02-25T05:56:39Z,197,微信,,36.106.89.229(天津-天津),80,1,2,1,1,1,3,1,1,0,0,0,0,0,0,1,0,0,2,1,0,0,0,0,1,2,3,3,4,5,5,5,4,4,4,4,4,4,3,4,4,4,2,3,3,3,2,没有提供清洗保养建议，积水发霉了才知道要擦。,要是能有个公益热线，专门解答老年人对辅具的疑问，那该多方便啊。
60,2026-02-25T05:57:04Z,191,微信,,180.213.137.2(天津-天津),89,1,4,3,4,3,4,1,1,1,1,0,0,0,1,0,0,0,2,1,0,0,1,0,3,4,5,3,5,5,5,4,4,3,3,4,3,3,4,3,5,5,4,3,4,4,3,扶手设计得太不人性化了，没有考虑到老人不同的使用习惯。购买渠道倒是挺多的，但网上买容易被骗，希望能有更安全的支付方式。安装服务还行，师傅来得挺准时的，但没带水平仪，装得有点歪。,
61,2026-02-25T05:57:22Z,209,微信,,111.30.203.160(天津-天津),91,2,4,1,3,1,2,2,1,0,1,1,1,1,0,0,0,0,2,0,0,0,1,0,4,3,3,3,5,5,4,4,4,4,3,1,4,5,5,4,4,4,5,4,4,4,5,扶手设计得太不灵活了，不能根据老人身高调节高度。购买渠道倒是挺多的，但网上买容易买到次品，希望能有更严格的质检。安装服务还行，师傅装得挺快的，但没教老人怎么维护扶手。,
62,2026-02-25T05:57:29Z,291,微信,,117.12.145.116(天津-天津),76,2,3,1,3,1,3,2,1,0,1,0,0,0,0,1,0,0,5,1,1,1,1,0,4,4,3,2,3,3,2,2,4,4,2,3,3,5,4,3,3,2,4,4,5,4,3,产品介绍写得天花乱坠，实际材质薄得像铁皮。,社区能不能定期组织一些关于防跌倒扶手的讲座，让老人和家属都去听听，了解它的好处和重要性。
63,2026-02-25T05:58:03Z,286,微信,,111.161.190.138(天津-天津),75,1,3,1,2,1,3,1,1,0,1,0,0,0,0,1,0,0,5,1,0,1,1,1,3,4,4,2,3,4,4,2,4,5,4,4,3,3,4,4,3,3,3,3,3,1,2,有些商家把配件单独卖，买完主体发现螺丝不够长，还得再花钱配，感觉被套路了。,
64,2026-02-25T05:58:28Z,247,微信,,125.38.233.23(天津-天津),80,1,1,2,2,1,4,2,1,1,1,0,0,1,0,0,0,0,2,1,0,1,1,0,5,4,4,4,5,5,5,4,2,2,3,4,2,2,3,4,1,1,4,4,5,3,4,扶手的材质不耐用，卫生间用没多久就生锈、发霉，看起来脏兮兮的，还容易打滑。,能不能和医保个人账户支付打通？减轻现金压力。
65,2026-02-25T05:58:33Z,201,微信,,111.32.92.222(天津-天津),81,2,1,1,1,1,2,1,1,1,1,0,0,0,0,1,0,0,2,1,1,1,0,0,2,1,2,2,4,5,5,4,3,4,3,3,4,3,3,3,5,5,4,5,2,4,5,,
66,2026-02-25T05:59:08Z,189,微信,,180.213.90.88(天津-天津),77,1,4,2,4,2,6,2,1,1,1,1,0,0,0,1,0,0,3,0,0,0,1,0,4,4,2,4,4,4,3,4,2,1,3,2,4,4,4,4,3,4,4,4,3,2,4,有些商家只管卖不管装，给个钻头让你自己弄，我们年轻人还行，老人自个儿哪会弄啊。,老人有时候不是不愿意用，是忘记了用，希望门口能有个提示牌，出门时提醒自己扶着点。
67,2026-02-25T05:59:11Z,282,微信,,111.31.137.193(天津-天津),81,1,1,2,3,1,5,1,1,0,1,0,0,1,0,0,0,0,3,1,0,0,0,1,3,4,5,5,2,3,4,3,3,4,4,4,4,4,5,4,3,3,2,2,2,4,4,,
68,2026-02-25T05:59:46Z,255,微信,,116.78.83.174(天津-天津),64,1,2,1,2,1,2,2,1,0,0,1,0,0,0,1,0,0,3,1,0,1,0,0,1,2,3,3,4,2,4,5,3,4,2,4,2,2,1,4,2,2,2,3,3,3,3,有些所谓“防滑”只是刻几道线，沾水照样滑，纯属噱头。,我希望社区能组织一些老人之间的交流活动，让他们互相分享使用扶手的经验和感受。
69,2026-02-25T05:59:54Z,228,微信,,111.30.211.231(天津-天津),89,1,3,2,3,2,2,1,1,0,0,1,0,0,0,1,0,0,2,1,0,1,1,0,4,4,5,5,5,5,3,5,4,4,3,4,2,3,2,2,5,4,4,5,4,3,4,真希望能给每家每户都评估一下，看看哪里需要装哪里，别一刀切。,能不能组织子女专场讲座？教我们怎么说服父母。
70,2026-02-25T06:00:01Z,187,微信,,111.32.83.208(天津-天津),57,1,2,1,1,2,4,2,1,0,1,0,0,1,0,0,0,0,2,1,1,1,1,0,2,2,1,2,3,3,1,2,3,4,2,4,2,1,2,2,1,2,2,3,5,5,3,最大的问题是——没人真正蹲下来，以老人的视角去设计和安装。,社区能不能上门登记老人的需求，主动询问要不要装扶手、有什么顾虑，不用我们自己到处打听政策、找安装师傅。
71,2026-02-25T06:00:44Z,346,微信,,60.27.191.74(天津-天津),71,2,2,1,1,2,2,2,1,0,1,0,0,0,0,1,0,0,3,0,1,1,0,1,1,2,5,3,4,4,4,5,3,4,3,2,2,3,2,3,3,3,4,3,2,2,4,网上买是便宜，但得自己量尺寸，咱也不是专业的，量错了买回来根本装不上。,老人喜欢热闹，如果能在安装当天，请几个邻居来家里参观一下，大家一起参谋，老人会觉得有面子。
72,2026-02-25T06:01:16Z,357,微信,,125.38.104.50(天津-天津),70,1,3,1,3,2,1,2,1,0,0,1,1,0,0,1,0,0,5,0,1,1,1,0,3,3,2,4,3,4,4,2,4,2,3,3,1,3,3,3,4,5,5,4,2,1,2,我发现有些扶手设计得太低了，老人弯腰去握容易摔倒。购买渠道还算方便，但网上买看不到质量，心里没底。安装服务挺好的，师傅很专业，还提醒老人注意安全。,
73,2026-02-25T06:01:44Z,242,微信,,111.32.83.208(天津-天津),78,1,5,1,4,1,2,2,1,0,1,0,0,0,0,1,0,0,2,1,0,0,1,0,3,3,3,2,3,4,5,5,2,1,3,2,5,3,4,2,4,3,3,4,5,5,4,扶手设计得太不灵活了，不能根据老人需求调节角度。购买渠道倒是挺多的，但网上买容易遇到质量问题，希望能有更严格的质检流程。安装服务挺好的，师傅很热情，还帮老人搬了重物。,
74,2026-02-25T06:02:24Z,282,微信,,111.32.83.208(天津-天津),69,2,3,3,3,2,1,2,1,0,1,0,0,0,0,0,1,0,3,1,0,1,1,1,3,3,2,2,3,4,4,4,3,4,3,4,2,2,1,2,3,3,3,3,4,4,3,安装时间不能自选，只能按他们排期，耽误事。,希望能有专业人员上门评估，根据老人的行动习惯、家里的布局，推荐合适的扶手款式和安装位置，让老人觉得这是专门为他准备的，不是随便装的。
75,2026-02-25T06:02:34Z,315,微信,,111.30.203.160(天津-天津),68,1,3,1,2,1,1,2,1,0,0,0,0,1,0,0,0,0,2,1,1,1,1,0,4,4,4,2,3,4,4,4,1,2,1,2,3,3,4,4,3,3,4,2,2,2,3,扶手设计得太不美观了，跟家里风格不搭，应该出点百搭款的。购买渠道倒是挺多的，但网上买容易买到次品，希望能有更靠谱的卖家推荐。安装服务挺好的，师傅很负责，还帮老人检查了扶手是否平稳。,
76,2026-02-25T06:02:34Z,315,微信,,111.30.203.160(天津-天津),68,1,3,1,2,1,1,2,1,0,0,0,0,1,0,0,0,0,2,1,1,1,1,0,4,4,4,2,3,4,4,4,1,2,1,2,3,3,4,4,3,3,4,2,2,2,3,扶手设计得太不美观了，跟家里风格不搭，应该出点百搭款的。购买渠道倒是挺多的，但网上买容易买到次品，希望能有更靠谱的卖家推荐。安装服务挺好的，师傅很负责，还帮老人检查了扶手是否平稳。,
77,2026-02-25T06:03:16Z,242,微信,,111.32.61.135(天津-天津),96,1,1,3,3,2,2,1,1,0,1,0,0,1,0,0,0,0,2,1,0,1,1,0,5,4,4,4,4,5,4,4,5,4,5,4,4,3,4,4,3,4,4,4,5,4,5,一些扶手的直径太细了，老人有关节炎，手都握不拢，抓那种细管子使不上劲。,
78,2026-02-25T06:03:39Z,226,微信,,111.161.188.79(天津-天津),94,1,2,3,2,1,3,2,1,0,1,0,0,0,0,0,1,0,4,1,0,1,0,0,4,3,4,5,5,4,5,3,3,4,5,2,4,5,4,5,5,5,4,5,3,4,3,扶手表面有接缝，藏污纳垢，擦都擦不干净。,我们想给老人装，但老人住的是老房子，怕把墙弄坏了，希望有专业的鉴定师傅来看看墙体。
79,2026-02-25T06:03:48Z,208,微信,,180.213.94.116(天津-天津),91,1,3,3,3,2,5,2,0,1,1,1,0,0,0,0,1,0,3,0,1,1,1,0,5,4,5,5,4,5,4,4,4,5,4,5,4,3,3,3,4,3,4,3,4,4,2,,
80,2026-02-25T06:04:19Z,254,微信,,218.69.226.108(天津-天津),61,2,4,2,3,2,3,1,1,1,0,1,0,0,1,0,0,0,3,1,0,0,1,1,2,1,2,2,3,3,2,1,3,4,3,1,4,3,3,4,2,2,3,1,3,4,5,没有提供安装视频，光靠文字说明根本看不懂。,如果买扶手能像买家电一样，享受以旧换新就好了，把家里那些不结实的旧架子换掉。
81,2026-02-25T06:04:25Z,258,微信,,111.33.219.2(天津-天津),84,1,1,1,4,2,5,2,1,1,1,1,0,0,0,1,0,0,2,1,0,1,0,1,3,4,4,4,5,5,5,5,4,5,5,4,4,4,3,4,2,3,2,1,3,3,2,我发现有些扶手设计得太窄了，老人手大握不住。购买渠道还算方便，但价格太贵了，希望能便宜点。安装服务一般般，师傅装得还行，但没教老人怎么保养。,
82,2026-02-25T06:04:42Z,208,微信,,221.198.235.228(天津-天津),108,1,4,2,3,2,2,1,1,1,1,1,0,0,0,1,0,0,2,1,0,1,1,1,5,5,5,5,5,5,4,5,4,5,5,4,5,4,4,5,4,5,5,4,5,5,5,很多扶手不能适配老房子的墙面，瓷砖墙、空心墙根本装不牢固，装完没多久就松动。,能不能联合高校做适老化设计研究？真正从老人角度出发。
83,2026-02-25T06:04:49Z,58,微信,,111.30.231.93(天津-天津),68,1,3,1,1,2,5,1,0,1,0,0,0,0,0,1,0,0,3,0,0,0,0,1,1,4,2,5,4,5,4,2,4,1,3,5,3,1,3,3,2,5,2,2,3,2,2,,
84,2026-02-25T06:05:11Z,327,微信,,36.106.89.229(天津-天津),68,2,3,2,2,3,6,2,1,1,1,1,0,0,1,0,0,0,5,1,1,0,0,0,4,3,4,3,3,2,3,3,3,2,3,2,3,3,3,3,2,3,3,3,3,3,4,扶手表面是亮面不锈钢，浴室灯一照反光刺眼。,社区能不能组织一些志愿者，陪老人一起安装扶手，让他们参与进来，更有成就感。
85,2026-02-25T06:06:19Z,372,微信,,125.38.233.23(天津-天津),62,2,1,2,3,1,3,2,1,0,1,1,1,0,1,0,0,0,2,1,1,1,1,0,5,3,3,3,1,2,3,2,2,3,1,2,4,3,4,4,1,2,2,1,4,3,4,产品包装没防潮，南方梅雨季收到就有点锈迹。,社区可以组织一些同龄老人的分享会，让已经装了扶手、用得好的老人现身说法，比我们年轻人劝说管用多了。
86,2026-02-25T06:06:52Z,238,微信,,111.31.159.165(天津-天津),98,2,4,1,3,2,2,1,1,1,1,1,0,0,1,0,0,0,3,1,0,1,0,1,4,4,4,5,4,3,5,4,4,4,4,5,4,5,5,5,4,4,4,3,4,5,5,我发现有些扶手设计得太不安全了，比如有的扶手固定不牢，容易松动。购买渠道还算方便，但价格太不透明了，希望能有更明确的价格说明。安装服务挺好的，师傅很负责，还帮老人检查了其他家具是否安全。,
87,2026-02-25T06:07:15Z,244,微信,,111.162.216.250(天津-天津),87,1,2,2,1,1,3,1,1,1,0,1,1,0,0,0,0,1,3,1,1,1,0,0,3,4,5,4,5,5,5,4,2,2,3,2,3,3,4,4,5,4,4,5,4,4,3,,
88,2026-02-25T06:07:47Z,311,微信,,117.12.80.59(天津-天津),69,2,1,3,2,1,4,1,1,0,1,0,0,1,0,0,0,0,2,1,0,1,1,1,3,3,2,2,5,4,4,5,2,2,1,1,4,5,4,2,2,2,2,2,4,4,4,扶手表面太光滑，老人手出汗或者手上有水，很容易打滑，反而增加跌倒风险，太不实用。,能不能出个抖音号？发些真实家庭使用场景，接地气。
89,2026-02-25T06:08:11Z,56,微信,,111.163.118.192(天津-天津),75,2,3,1,3,1,4,2,0,0,1,0,0,0,0,1,0,0,2,0,1,0,0,0,1,3,3,3,2,2,5,3,1,3,5,4,5,4,5,1,4,2,5,5,2,5,2,,
90,2026-02-25T06:08:25Z,354,微信,,180.213.94.116(天津-天津),79,2,3,2,3,3,5,2,1,1,1,1,0,0,1,0,0,0,2,1,1,1,0,0,4,5,4,5,3,2,4,4,3,4,4,3,5,3,3,4,3,3,2,1,2,4,4,,
91,2026-02-25T06:08:30Z,204,微信,,111.162.203.215(天津-天津),110,2,2,3,2,1,2,2,1,0,1,0,0,0,0,1,0,0,1,0,0,0,1,0,4,5,4,5,5,5,5,5,5,5,5,4,5,5,4,5,5,5,5,4,5,5,5,售后电话打不通，装完三个月松了，再联系人就消失了。,社区能不能组织一些活动，让老人在活动中体验使用扶手的好处，比如模拟跌倒时扶手的作用。
92,2026-02-25T06:08:50Z,331,微信,,117.120.96.103(辽宁-沈阳),101,2,1,1,1,1,3,2,1,1,1,0,1,0,1,0,0,0,3,1,1,1,0,0,5,5,5,5,5,5,5,4,4,4,5,4,5,2,4,4,4,4,4,3,5,5,5,安装队伍得专业点，别找个临时工凑数，安得不结实很吓人。,别把扶手做得像医院用品，设计得温馨点，老人心理上更容易接受。
93,2026-02-25T06:08:51Z,347,微信,,111.162.216.250(天津-天津),104,2,1,2,3,2,4,1,1,1,1,1,0,1,0,0,0,0,5,1,1,0,0,0,5,5,4,4,4,5,5,5,5,5,4,3,4,5,5,4,4,5,3,5,5,5,5,,
94,2026-02-25T06:09:42Z,237,微信,,36.106.205.105(天津-天津),85,2,3,2,4,3,1,1,1,1,1,0,0,0,0,0,1,0,5,1,1,1,0,0,3,4,4,5,4,4,4,5,3,4,3,4,4,3,3,3,3,5,4,4,4,2,3,想选暖色调，结果只有黑白灰，老人家觉得冷清。,社区服务里能不能有定期的扶手使用培训，让老人不断巩固使用技巧。
95,2026-02-25T06:09:50Z,351,微信,,111.32.88.168(天津-天津),68,2,1,1,4,2,4,2,1,1,1,1,0,1,0,0,0,0,1,1,0,1,1,0,2,3,3,1,2,2,2,3,2,4,3,1,3,4,4,5,5,5,5,5,1,2,1,,
96,2026-02-25T06:10:19Z,228,微信,,36.106.110.61(天津-天津),77,2,5,2,4,3,4,1,1,0,1,1,0,0,0,1,0,0,3,1,0,0,1,0,4,5,5,4,4,4,4,4,3,3,2,3,3,3,3,1,4,3,3,4,2,3,3,我看那扶手要是能带个夜灯就更好了，晚上起夜不用摸黑。,希望提供多种颜色可选，别全是冷冰冰的银色，暖色系更亲切。
97,2026-02-25T06:10:47Z,216,微信,,111.30.222.114(天津-天津),94,2,1,3,2,2,3,2,1,0,0,0,1,0,0,1,0,0,2,1,0,1,0,1,4,4,4,5,4,4,4,4,4,4,4,4,4,5,4,3,5,4,3,2,5,5,5,扶手末端敞开着，积灰还容易挂衣服，设计太粗糙。,我希望社区能多宣传一些成功案例，让老人看到其他老人使用扶手后的积极变化。
98,2026-02-25T06:10:59Z,303,微信,,111.31.151.219(天津-天津),82,1,5,3,4,2,5,2,0,0,1,0,0,1,0,0,0,0,5,1,1,1,0,0,3,4,4,3,2,3,3,3,4,4,5,3,3,3,4,4,5,5,5,4,3,2,3,,
99,2026-02-25T06:11:02Z,278,微信,,116.78.83.174(天津-天津),101,2,1,2,2,1,2,2,1,1,1,1,0,0,0,0,1,0,3,1,0,1,0,0,4,4,5,4,3,3,4,5,5,4,4,4,4,5,5,5,4,5,5,5,5,5,4,安装孔位固定死，我家墙砖缝对不上，硬装歪了。,政府要是能给点补贴，哪怕报销一半，我们做子女的也轻松不少，老人也不那么心疼钱。
100,2026-02-25T06:11:03Z,54,微信,,111.31.175.246(天津-天津),66,1,3,1,4,3,1,1,0,0,0,0,1,0,1,0,0,0,1,1,0,0,0,0,4,5,1,1,3,5,1,4,1,1,1,3,5,4,1,1,3,1,4,2,5,5,5,,
101,2026-02-25T06:11:39Z,338,微信,,180.213.132.141(天津-天津),101,1,3,3,4,3,1,2,1,0,1,1,0,0,0,0,1,0,4,1,1,1,0,0,5,5,5,4,5,5,3,3,2,5,5,5,4,5,4,4,5,4,5,4,4,5,5,,
102,2026-02-25T06:11:47Z,298,微信,,117.13.116.147(天津-天津),94,1,3,2,4,2,3,2,1,1,0,0,0,0,0,1,0,0,3,1,0,1,1,0,4,4,5,4,4,4,5,4,4,2,3,3,5,5,4,4,4,3,4,4,5,5,5,,
103,2026-02-25T06:12:00Z,210,微信,,117.11.122.163(天津-天津),92,2,3,2,3,2,1,2,1,0,1,0,0,0,0,1,0,0,2,1,0,1,1,0,4,2,5,4,4,2,4,4,3,4,3,4,5,4,3,5,5,5,5,5,4,4,4,政府能不能给指定几个靠谱的品牌？让我们自己选，心里有底。,能不能联合物业一起推？他们熟悉每家情况，说话也管用。
104,2026-02-25T06:12:25Z,332,微信,,111.163.141.207(天津-天津),77,1,2,3,2,1,3,2,1,0,1,0,0,0,0,1,0,0,2,1,0,0,1,1,3,4,4,3,4,3,4,4,2,3,2,2,4,2,3,4,2,3,4,4,4,5,4,,对于住在养老院的老人，也希望政府能检查一下院里的扶手是否达标，有没有定期维护。
105,2026-02-25T06:12:45Z,343,微信,,117.12.232.123(天津-天津),101,2,4,2,4,3,4,2,1,1,0,0,1,0,0,1,0,0,1,1,1,0,1,0,5,4,5,5,5,5,5,5,4,3,5,4,4,3,5,5,4,5,3,4,4,5,4,看到一些很漂亮的实木扶手，但木头遇水容易变形开裂，也不敢用在卫生间。,
106,2026-02-25T06:12:50Z,213,微信,,117.10.90.162(天津-天津),88,1,3,1,3,3,2,1,1,1,1,1,0,0,0,1,0,0,3,1,0,1,1,1,5,5,3,4,5,4,3,3,2,2,2,4,4,5,4,5,4,5,5,5,3,2,4,安装师傅进门得穿鞋套，这点素质得有，别把刚擦的地踩脏了。,希望纳入居家适老化改造补贴目录，报销一部分真能减轻负担。
107,2026-02-25T06:13:09Z,280,微信,,125.38.179.187(天津-天津),75,2,2,2,3,1,6,1,1,1,1,1,0,0,0,1,0,0,2,1,1,1,0,1,3,3,4,4,3,4,4,3,5,3,3,4,4,3,4,3,2,2,2,2,3,4,3,同一个品牌线上线下价格差一倍，感觉被割韭菜。,政策上能不能对安装防跌倒扶手的工程队进行监管，确保安装质量。
108,2026-02-25T06:13:38Z,51,微信,,36.106.54.115(天津-天津),68,2,1,1,1,3,6,1,0,0,0,0,1,0,0,0,0,1,2,0,1,0,0,0,1,1,1,4,5,5,5,2,4,5,1,1,2,5,5,1,5,1,2,1,5,5,1,,
109,2026-02-25T06:13:53Z,196,微信,,111.31.147.49(天津-天津),65,2,3,3,3,2,5,2,0,1,1,1,0,0,0,1,0,0,2,1,0,1,0,1,2,2,1,2,2,2,3,2,2,3,4,3,4,4,4,4,4,4,5,4,1,1,2,,
110,2026-02-25T06:14:28Z,231,微信,,117.12.1.146(天津-天津),93,1,2,3,2,1,3,2,1,0,1,1,1,0,0,0,0,1,1,1,1,0,0,0,4,5,5,4,4,3,4,2,5,5,4,4,3,4,4,4,5,4,5,5,3,4,3,,能不能设体验角在居委会？随时去试试手感。
111,2026-02-25T06:15:06Z,320,微信,,111.162.183.75(天津-天津),96,1,3,3,4,3,5,1,1,1,1,1,0,0,1,0,0,0,3,0,1,1,1,1,4,5,4,4,3,5,5,4,5,4,4,3,5,4,5,4,4,4,4,3,4,5,4,扶手设计得太不灵活了，不能根据老人身体变化调节。购买渠道倒是挺多的，但网上买容易遇到尺寸不合适的问题，希望能有更准确的尺寸说明。安装服务还行，师傅来得挺快的，但没带安装图纸，装得有点费劲。,
112,2026-02-25T06:15:40Z,223,微信,,111.30.231.40(天津-天津),92,2,3,2,3,3,1,2,1,0,1,1,0,0,0,1,0,0,4,0,0,0,1,0,4,4,5,5,4,2,4,3,5,4,4,4,3,5,4,5,2,3,4,4,5,5,4,,
113,2026-02-25T06:15:45Z,50,微信,,111.162.128.189(天津-天津),67,1,5,3,1,3,5,2,0,0,1,0,0,0,0,1,0,1,4,0,0,1,0,0,4,4,5,3,2,5,3,4,2,3,3,3,4,2,1,2,3,3,2,3,1,1,4,,
114,2026-02-25T06:15:55Z,286,微信,,111.32.61.91(天津-天津),73,2,4,1,4,2,5,1,1,0,0,1,0,0,1,0,0,0,2,1,0,1,1,0,3,3,2,3,4,5,5,3,2,3,4,5,2,1,3,2,4,4,4,3,3,3,2,扶手结构复杂，零件多，清洁死角太多。,政府能不能简化补贴申请流程，不用跑好几趟部门、准备一堆材料，我们年轻人上班忙，老人又办不了，流程简单点才能真正享受到福利。
115,2026-02-25T06:16:01Z,355,微信,,117.9.93.99(天津-天津),80,2,2,2,2,1,3,2,1,1,1,1,0,0,0,1,0,0,4,1,0,1,0,0,2,2,3,2,5,4,5,4,4,3,2,3,5,4,4,5,2,3,2,3,5,4,4,,
116,2026-02-25T06:16:26Z,272,微信,,218.68.191.223(天津-天津),81,2,4,2,4,2,3,2,1,0,1,1,0,0,0,0,0,1,4,1,0,1,1,0,3,3,4,4,5,5,4,5,3,3,2,4,4,5,3,4,2,3,3,4,3,3,2,没有儿童安全提示，孙子来玩当玩具摇晃，差点掉下来。,听说有的地方可以申请改造补贴，但手续特别复杂，希望能简化点，最好社区帮着跑腿。
117,2026-02-25T06:16:48Z,204,微信,,111.33.209.7(天津-天津),101,1,1,1,2,1,5,1,1,1,1,1,0,1,0,0,0,0,2,1,1,0,0,0,4,5,4,5,4,5,4,5,4,4,4,4,4,5,4,5,5,4,4,4,4,5,5,,
118,2026-02-25T06:17:18Z,54,微信,,111.162.202.110(天津-天津),69,2,4,3,2,3,5,2,0,0,0,0,1,0,0,0,1,0,1,0,0,0,0,1,1,4,4,1,3,2,5,1,5,3,1,1,2,4,4,2,3,5,3,2,4,5,4,,
119,2026-02-25T06:17:27Z,192,微信,,111.31.35.232(天津-天津),80,1,3,2,2,1,6,2,1,0,1,0,1,0,1,0,0,0,4,0,0,1,0,1,4,4,5,3,5,4,5,4,4,4,4,4,3,4,3,1,2,3,3,3,2,3,3,,
120,2026-02-25T06:18:04Z,342,微信,,221.196.51.232(天津-天津),105,1,1,1,1,1,4,2,1,0,1,1,0,1,0,0,0,0,2,0,0,1,1,0,5,4,5,5,4,4,4,5,4,5,4,4,5,4,5,5,5,4,5,4,5,5,5,,
121,2026-02-25T06:18:42Z,241,微信,,125.36.179.90(天津-天津),68,1,4,3,3,3,5,2,1,0,1,1,0,0,1,0,0,0,2,1,0,1,0,0,3,1,3,3,3,3,4,3,3,3,3,3,2,3,3,2,3,3,3,3,3,4,4,,能不能和家庭医生APP集成？评估结果自动推送安装建议。
122,2026-02-25T06:18:46Z,260,微信,,111.30.201.83(天津-天津),92,1,1,1,2,1,5,1,1,1,1,1,0,0,1,0,0,0,4,1,0,0,0,0,3,3,4,4,4,3,4,3,3,3,3,3,5,5,5,4,5,5,5,5,5,3,5,,
123,2026-02-25T06:19:03Z,225,微信,,117.120.126.221(辽宁-沈阳),77,1,1,2,2,2,1,1,1,0,1,1,0,0,1,0,0,0,3,1,0,1,0,0,3,4,2,3,5,4,5,5,3,1,2,3,3,3,4,3,3,2,4,3,4,3,5,材质得防滑，这最重要，要是手上有水抓不住，那就是摆设。,社区网格员上门登记需求时，带个样品让老人摸摸手感。
124,2026-02-25T06:19:23Z,193,微信,,111.30.246.239(天津-天津),89,1,1,3,3,2,1,1,1,0,0,1,0,0,0,1,0,0,3,0,1,1,1,1,5,4,4,4,4,4,4,3,5,5,4,5,4,3,4,3,4,3,1,3,5,4,4,市面上扶手的设计太单一，大多是冰冷的金属材质，老人冬天摸着冰手，握久了还硌得慌。,安装队伍穿统一工服、带证件，老人开门才放心。
125,2026-02-25T06:19:24Z,53,微信,,111.33.213.239(天津-天津),48,2,3,2,2,3,4,2,1,0,0,0,0,1,0,0,0,0,5,0,1,0,0,0,4,1,1,3,3,3,2,3,4,1,2,4,4,1,1,3,2,1,1,1,1,1,1,,
126,2026-02-25T06:19:48Z,229,微信,,117.12.232.123(天津-天津),70,1,1,1,1,1,1,1,1,0,0,1,0,0,1,0,0,0,3,1,1,0,1,0,4,3,4,3,3,3,5,5,3,2,2,3,2,3,2,3,3,2,4,2,3,3,3,上次给我爸买了一个，结果安装师傅打孔把墙砖给打裂了，后来也不了了之，真窝火。,能不能联合公益组织捐赠给困难家庭？
127,2026-02-25T06:19:58Z,283,微信,,125.36.114.86(天津-天津),90,2,3,3,3,2,4,1,1,0,1,1,0,1,0,0,0,0,3,1,1,0,1,0,5,5,5,5,3,3,5,4,4,5,2,5,3,3,4,4,4,4,4,4,4,2,3,,
128,2026-02-25T06:20:07Z,332,微信,,111.161.190.138(天津-天津),67,2,1,2,1,1,3,2,1,1,1,0,0,0,0,0,1,0,3,1,0,1,1,0,2,2,2,2,5,3,5,4,3,4,3,4,4,2,3,3,2,3,2,3,2,2,2,,
129,2026-02-25T06:20:32Z,255,微信,,116.78.83.174(天津-天津),92,1,2,1,1,1,5,2,1,1,1,1,0,0,0,0,1,0,4,1,0,1,1,0,5,4,4,5,4,3,4,5,2,3,2,4,4,4,4,3,4,5,5,5,5,4,4,那种吸盘式的倒是方便，可我们试过，用用就松了，吓死人，根本不敢让老人依赖它。,对于那种思想特别传统的老人，不妨让他们的孙子孙女去劝，孩子的话老人最爱听。
130,2026-02-25T06:20:54Z,301,微信,,103.63.155.8(辽宁-沈阳),95,1,1,2,1,1,1,1,0,1,1,0,0,1,0,0,0,0,2,1,1,1,1,0,5,5,5,5,4,4,4,4,5,5,5,5,5,4,4,5,3,3,2,2,4,3,4,希望社区医院的大夫能顺便来讲讲防跌倒的课，结合起来推广。,装之前拍个效果图，让老人看看装完啥样，减少抵触心理。
131,2026-02-25T06:21:04Z,314,微信,,39.144.83.197(天津-天津),91,1,2,1,1,1,1,2,1,0,1,1,0,0,1,0,0,0,3,1,0,0,0,0,3,3,4,3,3,3,4,4,4,3,4,4,5,5,4,5,5,5,4,5,3,4,4,扶手太短，从马桶起身走到淋浴区中间断了，得接两段。,我家老人是死活不肯装，说是向衰老低头，要是能有个老邻居来现身说法，劝劝他，可能有效果。
132,2026-02-25T06:21:11Z,195,微信,,111.162.186.252(天津-天津),92,1,4,1,3,3,2,2,1,1,1,1,0,0,1,0,0,0,2,1,1,0,0,0,2,2,2,3,5,5,5,5,2,4,5,4,3,5,3,5,5,5,5,5,5,3,4,,
133,2026-02-25T06:21:52Z,233,微信,,117.120.107.215(辽宁-沈阳),91,1,2,3,2,1,1,1,1,0,0,1,0,0,1,0,0,0,3,1,1,1,0,0,4,4,4,5,5,4,4,5,4,3,4,3,5,4,4,4,4,3,2,2,5,5,4,,
134,2026-02-25T06:22:12Z,330,微信,,111.161.188.100(天津-天津),78,1,2,1,1,1,6,2,1,0,1,0,1,0,0,1,0,0,2,1,0,1,1,0,3,4,4,5,2,2,3,3,3,4,4,4,4,4,2,4,5,4,3,4,2,3,2,产品设计方面，我觉得扶手应该做得更轻便且牢固一些，方便老人使用又安全。购买渠道嘛，我觉得应该多开些网店并加强监管，让老人能放心在网上买。安装服务还行，师傅装得挺快的，但没教老人怎么维护扶手以保持其良好状态。,
135,2026-02-25T06:22:27Z,258,微信,,111.33.246.71(天津-天津),78,2,5,3,4,3,5,1,1,0,1,0,0,0,1,0,0,0,2,0,1,0,0,1,2,3,2,2,4,4,4,3,3,3,2,2,4,5,4,5,5,4,4,3,5,2,3,,
136,2026-02-25T06:22:39Z,285,微信,,106.47.159.226(天津-天津),70,2,2,3,3,2,4,2,1,1,0,1,0,1,0,0,0,0,3,1,1,1,1,0,3,3,2,2,3,3,4,2,2,2,2,3,4,4,5,4,2,4,4,2,4,4,2,,
137,2026-02-25T06:23:17Z,299,微信,,111.30.225.189(天津-天津),61,2,4,2,3,2,5,1,1,0,1,1,0,0,0,1,0,0,2,1,0,1,1,0,2,4,4,3,3,3,2,2,2,3,2,1,1,2,2,3,4,4,2,4,2,3,3,很多扶手没有考虑老人的手掌大小，要么太粗握不住，要么太细没安全感，设计很不合理。,能不能试点“先试用后付费”？用一周觉得好再装。
138,2026-02-25T06:23:45Z,236,微信,,117.9.236.7(天津-天津),93,2,1,2,3,1,5,1,1,1,1,0,0,0,1,0,0,0,3,1,1,1,0,0,3,4,5,4,4,4,4,5,3,2,2,3,4,4,5,3,5,5,5,5,4,5,5,,
139,2026-02-25T06:24:00Z,271,微信,,218.68.200.178(天津-天津),61,2,2,3,1,1,3,2,1,1,1,1,0,0,0,1,0,0,3,1,0,1,0,0,2,3,3,1,3,3,3,1,1,1,3,2,3,4,3,4,2,4,4,2,3,4,2,安装前没告知需要清空卫生间，临时搬东西手忙脚乱。,希望社区能组织一些扶手使用的培训，告诉老人怎么抓、怎么借力，正确使用更安全。
140,2026-02-25T06:24:25Z,260,微信,,111.33.219.2(天津-天津),82,1,2,2,1,1,3,2,1,0,1,0,0,0,0,0,0,1,3,1,1,0,0,0,4,3,4,5,4,4,5,4,3,3,2,4,3,3,3,4,3,5,3,3,4,3,3,,
141,2026-02-25T06:25:00Z,297,微信,,218.69.226.108(天津-天津),92,2,1,1,2,2,5,1,1,1,1,0,0,1,0,0,0,0,3,1,0,1,1,0,4,4,5,3,5,5,4,5,4,4,3,5,3,5,5,4,4,2,2,3,5,4,4,,能不能设“银发体验官”？邀请老人参与产品测试。
142,2026-02-25T06:25:57Z,286,微信,,103.63.155.26(辽宁-沈阳),99,2,3,3,3,2,3,1,1,0,0,0,1,0,0,1,0,0,2,1,1,1,1,0,5,4,4,5,3,2,5,4,4,4,4,5,4,5,4,5,5,5,5,5,4,4,4,想买带照明的，结果集成灯珠半年就坏了，还不能单独换。,希望政府能出台一些政策，鼓励房地产开发商在新建住宅中预装防跌倒扶手。
143,2026-02-25T06:26:06Z,278,微信,,180.213.208.26(天津-天津),81,1,2,1,2,1,1,2,1,0,1,0,0,0,1,0,0,0,3,1,0,0,1,0,4,5,5,5,3,3,3,3,2,2,3,1,4,4,4,3,4,3,4,3,3,5,5,,
144,2026-02-25T06:26:13Z,237,微信,,111.33.219.2(天津-天津),91,1,1,3,3,2,3,1,1,1,1,1,0,0,1,0,0,0,4,1,1,0,1,1,4,4,4,4,3,4,4,2,5,4,3,5,5,4,5,5,3,4,4,3,4,4,4,产品设计上，我觉得扶手应该做得更舒适一些，比如加个软垫什么的。购买渠道嘛，我觉得应该多在商场里设点专柜，方便老人去试。安装服务挺好的，师傅很专业，还教了老人怎么防止扶手生锈。,
145,2026-02-25T06:26:43Z,278,微信,,111.31.32.35(天津-天津),91,1,3,3,3,2,5,1,1,0,1,1,0,0,1,0,0,0,3,1,0,0,1,0,4,4,4,4,5,5,5,4,5,4,4,4,5,4,4,4,2,2,2,2,4,5,5,安装的时间约起来也费劲，你说周末装吧，他说休息，非得工作日，我们还得请假。,
146,2026-02-25T06:27:15Z,300,微信,,180.213.132.141(天津-天津),92,1,4,2,4,3,4,1,1,0,1,0,0,0,0,0,0,1,2,0,0,1,1,0,3,4,4,3,4,5,5,3,4,3,4,4,2,3,2,5,5,5,5,4,5,5,5,安装收费太乱了，同样的扶手，不同师傅报价差一倍多，还不提前说清楚，容易被坑。,希望提供清洗保养小妙招，老人怕麻烦，嫌难打理。
147,2026-02-25T06:27:51Z,186,微信,,111.30.219.176(天津-天津),66,1,4,2,4,2,6,2,1,0,0,1,1,0,0,1,0,0,3,1,0,1,0,0,3,2,3,4,2,2,2,4,2,3,4,3,3,3,4,3,4,3,3,2,2,2,3,包装简陋，运输途中磕出凹痕，影响美观也怕强度不够。,我希望社区能多举办一些关于老年健康和安全的活动，把防跌倒扶手作为其中的一个重要内容。
148,2026-02-25T06:28:05Z,331,微信,,117.12.145.72(天津-天津),82,1,4,2,3,2,5,2,1,1,1,0,0,0,0,0,1,0,5,1,0,1,0,0,4,4,3,2,4,4,5,5,5,3,3,5,3,2,3,4,2,3,3,3,4,4,4,,能不能联合厂家做公益体验日？免费试用一周。
149,2026-02-25T06:28:34Z,297,微信,,111.33.236.119(天津-天津),80,2,2,2,3,1,2,1,1,0,1,0,0,0,0,0,1,0,3,1,1,0,0,0,3,5,3,4,4,3,2,1,4,4,4,5,4,5,3,2,5,4,3,4,2,3,3,建议弄个示范户，让我们先去别人家看看好不好使，再决定装不装。,别等到高龄才推，60岁以后就该预防性宣传。
150,2026-02-25T06:28:39Z,193,微信,,218.67.252.213(天津-天津),70,2,2,1,2,1,5,2,1,0,0,0,1,1,0,0,0,0,1,0,0,1,1,0,5,5,4,4,4,3,4,3,2,2,2,1,3,2,3,2,5,4,4,3,2,1,2,,
151,2026-02-25T06:29:19Z,216,微信,,111.33.242.251(天津-天津),88,1,1,3,1,1,3,2,0,1,1,1,0,0,0,1,0,0,2,1,1,0,0,0,4,4,5,5,4,5,4,4,3,3,3,2,3,3,3,3,5,4,5,5,3,4,4,,
152,2026-02-25T06:29:34Z,350,微信,,111.33.213.232(天津-天津),89,2,3,3,3,1,5,1,1,1,0,1,0,1,0,0,0,0,1,1,1,1,1,0,4,4,4,3,3,4,4,4,3,2,4,3,5,4,4,5,5,4,5,3,5,4,3,,如果能有个线上的展示平台，把各种扶手和改造案例放上去，老人和我们一起看看，选个最顺眼的。
153,2026-02-25T06:29:48Z,255,微信,,111.30.203.160(天津-天津),86,2,2,1,1,1,4,2,1,1,1,1,0,0,0,1,0,0,2,1,0,1,1,1,4,4,5,4,4,4,4,3,2,3,2,2,4,3,2,5,4,5,5,4,4,4,5,,
154,2026-02-25T06:30:41Z,291,微信,,101.104.226.99(辽宁-沈阳),74,1,1,3,3,2,5,2,1,0,1,0,0,0,1,0,0,0,3,1,0,0,1,0,1,2,2,2,3,4,5,4,3,2,2,3,4,3,4,4,5,4,5,4,3,3,2,希望能给独居的老人先装，他们身边没人，摔一下可不得了。,能不能有安装师傅上门的时候，顺便给老人演示扶手的使用方法，告诉他们起身、坐下怎么扶更省力、更安全。
155,2026-02-25T06:31:12Z,341,微信,,117.10.148.4(天津-天津),90,2,1,3,2,1,3,2,1,0,1,1,0,0,1,0,0,0,3,1,1,1,0,0,2,2,2,2,4,5,5,5,4,5,4,4,5,4,5,5,4,4,4,5,3,3,4,产品设计上，我觉得扶手应该做得更人性化一些，比如加个防滑垫什么的。购买渠道嘛，我觉得应该多开些社区店，方便老人就近买。安装服务挺好的，师傅很负责，还帮老人检查了其他安全隐患。,
156,2026-02-25T06:31:19Z,340,微信,,117.12.144.189(天津-天津),89,2,2,2,2,1,2,2,1,1,0,1,0,0,0,1,0,0,3,1,0,1,0,0,4,3,3,3,5,5,4,5,4,3,3,3,4,4,4,4,5,3,5,4,4,3,4,线下实体店又太少，跑了好几个家居市场，要么没卖的，要么就一两种样子，没啥挑头。,希望能有一个统一的求助电话，就像打114一样，咨询、安装、维修都能搞定。
157,2026-02-25T06:31:43Z,190,微信,,111.32.61.91(天津-天津),87,2,2,2,1,1,3,2,1,0,1,1,0,0,0,0,0,1,1,1,1,1,0,1,3,4,2,4,5,3,4,4,5,4,4,5,3,4,4,2,4,4,5,4,4,3,3,安装服务特别不规范，找的师傅上门随便打两个孔就完事，装完还晃悠，一点都不结实。,希望街道定期检查已装扶手，松了及时修，建立信任感。
158,2026-02-25T06:31:56Z,348,微信,,111.32.106.230(天津-天津),87,2,3,1,2,2,4,2,1,0,1,0,0,0,0,1,0,0,3,1,0,0,0,0,2,3,3,3,5,4,4,5,5,4,4,5,5,4,5,5,1,2,2,2,5,5,4,电商详情页夸大其词，“医院同款”结果连基本防滑都没有。,对于那种低保户、特困家庭的老人，政府能不能全额兜底，让他们免费装上。
159,2026-02-25T06:32:43Z,238,微信,,111.162.182.226(天津-天津),95,2,4,2,4,3,5,1,1,1,1,0,0,0,0,1,0,0,2,1,0,0,1,0,4,3,4,4,5,4,5,4,3,3,4,3,5,4,4,4,4,5,4,4,5,5,5,安装完了得给个保修卡，坏了知道找谁，别过两年坏了没人管。,希望政府给点补贴，我们愿意装，但好产品确实不便宜。
160,2026-02-25T06:32:56Z,277,微信,,125.38.233.23(天津-天津),95,1,3,3,3,2,5,2,1,0,1,0,1,0,0,0,0,1,2,1,0,1,1,0,5,5,5,5,4,5,4,3,4,2,4,5,3,4,3,3,5,4,5,5,5,3,4,安装师傅不负责，装完不检查，我们自己也不知道牢不牢固，用着一直不放心。,希望安装时间控制在两小时内，高效不扰民。
161,2026-02-25T06:32:59Z,211,微信,,111.33.246.71(天津-天津),69,1,3,2,2,1,1,2,1,0,1,0,1,1,0,0,0,0,2,0,0,0,1,0,3,3,3,2,2,3,4,5,3,3,4,4,1,1,2,3,5,4,5,5,2,1,1,,
162,2026-02-25T06:33:37Z,260,微信,,36.106.51.230(天津-天津),75,1,4,3,4,2,4,2,1,0,0,0,0,1,0,0,0,0,2,1,1,1,0,0,4,2,3,3,3,4,4,4,3,5,5,5,2,2,1,2,2,3,5,2,4,3,4,政府能不能出钱给老旧小区统一改造一下？这比光安扶手强。,希望政府严把产品质量关，别让劣质货进社区。
163,2026-02-25T06:33:50Z,247,微信,,111.163.141.207(天津-天津),88,2,2,1,2,1,4,2,1,0,1,1,0,0,0,0,0,1,1,0,1,0,1,0,3,4,3,4,5,5,5,5,4,4,4,4,5,3,5,4,2,1,2,2,5,4,5,,
164,2026-02-25T06:34:21Z,316,微信,,101.39.1.234(北京-北京),70,2,4,3,4,2,4,2,1,0,1,0,1,0,0,0,0,1,3,0,1,1,1,1,3,3,3,3,3,4,5,4,1,2,1,2,3,5,3,4,4,3,3,3,3,2,3,,
165,2026-02-25T06:35:13Z,284,微信,,117.12.145.72(天津-天津),79,1,1,3,1,1,4,2,1,1,1,0,1,0,1,0,0,0,1,0,1,1,1,0,4,4,4,2,4,5,3,4,2,3,3,4,4,4,4,5,2,1,1,3,4,5,4,没有考虑天津潮湿气候，装半年接口就开始锈。,如果能有个扶手超市或者体验中心就好了，带老人去亲手摸摸，看看结不结实，比我们说一万句强。
166,2026-02-25T06:35:16Z,272,微信,,180.213.208.26(天津-天津),85,2,1,3,1,1,4,1,1,0,1,1,1,0,0,0,1,0,3,1,0,1,1,0,4,3,3,4,4,5,4,3,4,4,4,4,5,4,5,5,1,1,2,1,5,5,5,,
167,2026-02-25T06:35:41Z,347,微信,,111.30.205.183(天津-天津),81,1,4,1,3,3,2,2,1,0,1,0,0,1,0,0,0,0,1,1,0,1,1,0,3,4,3,2,4,4,4,5,4,5,4,4,4,2,3,3,3,4,4,3,2,3,4,安装师傅上门时间特别不固定，约好上午来，下午才到，耽误我们上班，也没人陪同老人。,希望材质耐腐蚀，天津靠海，普通金属容易锈。
168,2026-02-25T06:36:28Z,192,微信,,101.246.157.188(辽宁-沈阳),77,1,5,3,4,3,2,1,1,1,1,1,0,0,0,0,1,0,3,1,0,0,1,0,2,2,1,3,5,3,4,4,3,4,4,5,4,5,4,4,2,5,4,2,2,1,4,,
169,2026-02-25T06:36:32Z,219,微信,,111.31.168.172(天津-天津),96,2,3,3,4,2,1,2,1,0,1,1,0,0,0,0,1,0,3,1,1,1,1,0,5,5,5,5,3,4,3,5,5,3,5,5,5,4,5,4,2,3,3,4,4,5,4,产品描述写“免打孔”，结果吸盘在潮湿浴室根本吸不住。,希望政府能提供一些资金支持，用于社区开展防跌倒扶手的宣传和推广活动。
170,2026-02-25T06:37:21Z,306,微信,,111.32.61.91(天津-天津),83,2,1,3,4,3,4,2,0,0,1,0,0,0,0,1,0,0,3,1,0,1,1,0,4,5,4,4,3,4,3,3,3,4,4,4,4,4,3,3,2,3,3,2,5,4,5,安装后不留联系方式，有问题只能重新找客服排队。,希望社区能统一组织扶手的团购和安装，价格更实惠，而且大家都装，老人不会觉得“就我家特殊”，心里更能接受。
171,2026-02-25T06:37:42Z,54,微信,,111.30.225.189(天津-天津),73,1,4,3,1,3,4,2,0,1,0,0,0,0,0,1,0,0,4,0,0,0,0,1,3,4,3,1,2,4,5,2,3,5,2,4,4,4,2,5,3,1,1,2,5,5,3,,
172,2026-02-25T06:38:20Z,191,微信,,111.166.35.219(天津-天津),78,1,1,1,2,1,3,2,1,0,1,0,0,0,0,1,0,0,3,1,1,0,1,0,4,4,3,4,3,3,4,2,3,3,4,4,5,5,4,5,2,2,1,2,4,4,3,社区公告栏得贴大字报，字要大，不然我们老花眼看不清。,能不能设个“安全家居示范户”？邻居看了自然愿意跟风装。
173,2026-02-25T06:38:24Z,253,微信,,218.68.189.183(天津-天津),85,1,2,2,2,2,2,2,1,1,1,1,0,0,1,0,0,0,5,1,1,1,1,0,4,3,4,4,4,3,4,5,3,3,3,3,3,4,4,3,3,5,4,3,4,5,4,网上的产品评价掺假太多，分不清哪些是真实反馈，买的时候特别纠结，怕踩坑。,别光装不教，有些老人以为只是装饰，根本不敢扶。
174,2026-02-25T06:38:32Z,192,微信,,111.32.77.110(天津-天津),97,1,1,2,3,2,3,1,1,0,0,0,0,0,0,0,0,1,3,1,0,1,1,0,5,5,4,3,5,5,5,3,4,5,5,5,5,4,4,4,3,2,4,4,5,4,4,,
175,2026-02-25T06:38:40Z,294,微信,,111.32.92.222(天津-天津),86,1,3,3,3,2,5,1,1,1,0,0,0,0,1,0,0,0,2,0,0,1,0,0,3,4,3,4,4,5,5,5,3,4,4,5,2,5,5,4,3,2,4,4,3,2,3,安装的时候发现墙体是空心的，普通膨胀螺丝根本固定不住，工人说没法装就走了。,社区能不能组织一些年轻党员或者志愿者，定期帮老人检查家里的扶手，松松了就给紧紧。
176,2026-02-25T06:38:45Z,338,微信,,218.68.191.223(天津-天津),83,1,3,2,3,1,4,1,1,0,0,0,1,0,1,0,0,0,2,0,1,1,0,0,3,4,1,4,4,5,4,3,4,3,3,3,4,3,4,3,5,3,4,4,4,5,3,产品设计上，我觉得扶手应该做得更美观一些，跟家里装修更搭。购买渠道嘛，我觉得应该多在小区里做做宣传，让老人知道哪里有卖。安装服务挺好的，师傅很热情，还帮老人搬了东西。,
177,2026-02-25T06:38:53Z,248,微信,,42.122.45.254(天津-天津),92,2,3,2,3,1,5,2,1,1,1,0,0,0,0,1,0,0,2,1,1,0,0,0,4,4,3,2,3,4,5,4,4,5,5,5,5,4,5,5,4,5,4,2,4,3,3,安装师傅最好别在饭点来，弄得家里乱糟糟的，还得伺候着。,社区可以搞个扶手示范户，让老人实地去看看，亲手摸一摸、试一试，直观感受扶手的方便和安全，比光说管用。
178,2026-02-25T06:40:05Z,236,微信,,116.78.81.232(天津-天津),89,1,1,1,2,1,4,2,1,0,1,0,0,0,0,1,0,0,3,1,1,1,0,0,3,2,3,3,4,5,4,5,5,3,3,3,4,4,5,4,4,3,5,4,4,4,5,可是塑料的又感觉不结实，尤其是用热水一烫，怕它老化变脆，这东西安全第一啊。,如果装完扶手之后，能有保险公司提供意外险的优惠，因为家里风险降低了，老人就更觉得值了。
179,2026-02-25T06:40:16Z,279,微信,,101.104.226.99(辽宁-沈阳),84,2,3,3,4,1,5,2,1,0,0,0,0,0,0,0,0,1,3,1,0,0,0,0,4,5,4,3,3,4,4,3,5,4,3,4,4,2,3,2,3,4,2,4,4,5,5,扶手没有夜光功能，老人晚上起夜不开灯，根本摸不到，起不到防跌倒的作用。,能不能和智慧养老平台对接？数据共享，服务更精准。
180,2026-02-25T06:40:20Z,264,微信,,101.104.226.99(辽宁-沈阳),70,1,5,3,4,2,4,1,0,1,0,1,0,0,0,0,1,0,3,1,1,1,0,0,1,1,2,3,4,5,4,4,4,3,5,3,3,4,2,4,3,3,2,1,3,4,2,,
181,2026-02-25T06:40:32Z,191,微信,,111.30.225.189(天津-天津),62,1,5,2,4,3,3,2,1,0,1,1,0,0,0,1,0,0,3,1,1,1,1,0,1,5,1,1,2,1,1,1,3,4,4,3,5,4,2,2,5,5,5,1,1,1,4,,
182,2026-02-25T06:41:22Z,313,微信,,111.33.247.220(天津-天津),94,2,3,2,3,1,2,2,0,0,1,1,0,0,0,0,1,0,4,1,0,0,0,0,4,2,4,3,2,5,4,4,4,5,5,5,5,4,5,5,5,4,4,4,5,3,3,电商退换货要自己拆卸打包，我们不在身边根本做不到。,能不能有社区志愿者定期上门，教老人怎么正确使用扶手，尤其是刚装完的时候，老人不好意思问，志愿者主动指导会更贴心。
183,2026-02-25T06:41:54Z,320,微信,,221.197.36.176(天津-天津),77,2,2,3,2,2,2,2,1,1,1,0,0,0,0,1,0,0,5,1,0,0,1,0,3,3,3,2,2,2,3,2,4,4,4,3,4,4,5,4,5,4,4,5,2,2,3,想配个同系列的淋浴椅，结果品牌不全，东拼西凑很乱。,政策上能不能对购买防跌倒扶手的家庭给予一些贷款优惠，减轻经济负担。
184,2026-02-25T06:42:28Z,287,微信,,116.78.81.235(天津-天津),68,1,4,2,3,2,5,2,1,1,1,0,0,1,0,0,0,0,5,0,1,1,0,0,2,3,2,4,2,3,4,3,2,2,2,3,4,3,3,4,4,4,2,3,4,2,3,这扶手别做得跟医院似的那么难看，得跟家里装修搭调才行。,能不能和家庭医生签约服务绑定？评估后直接安排，省心。
185,2026-02-25T06:42:31Z,355,微信,,36.106.89.229(天津-天津),94,1,2,3,2,1,2,1,1,1,1,1,0,0,1,0,0,0,2,1,0,1,1,0,3,3,2,4,4,4,5,4,5,5,5,4,4,4,5,3,5,3,4,4,5,5,4,,
186,2026-02-25T06:42:52Z,187,微信,,111.162.182.226(天津-天津),90,1,3,2,3,2,4,2,1,1,1,0,0,0,1,0,0,0,2,1,0,1,0,0,5,3,2,5,5,5,5,5,4,5,3,3,4,4,5,5,2,4,3,2,4,3,4,,希望有儿童安全提示，孙子来玩知道不能当玩具摇晃。
187,2026-02-25T06:43:07Z,293,微信,,101.39.28.163(北京-北京),84,2,3,1,2,1,6,2,1,0,1,0,0,0,0,1,0,0,4,1,0,1,0,0,4,4,4,4,4,4,3,3,3,4,2,4,4,4,5,3,4,3,4,5,2,3,4,材质说是304不锈钢，但磁铁能吸住，明显是劣质钢。,希望能有一些适合咱们老年人审美的设计，别老气横秋的，也别太医疗风，要像家里的装饰品。
188,2026-02-25T06:43:15Z,353,微信,,60.26.15.187(天津-天津),82,1,3,2,2,1,4,2,1,0,1,0,0,0,0,1,0,0,2,1,0,0,0,0,3,4,3,4,5,4,5,5,3,3,3,3,4,3,5,3,3,3,4,4,3,3,2,扶手表面纹理太粗，我妈皮肤薄，磨得发红。,有的扶手装上了，但老人嫌难看，用布盖着不用，社区能不能提供一些美化装饰的方案？
189,2026-02-25T06:44:05Z,308,微信,,111.32.106.230(天津-天津),77,1,2,1,1,1,1,2,1,0,1,0,0,1,0,0,0,0,2,1,0,1,1,0,3,3,4,3,3,4,4,4,3,3,2,2,3,4,4,4,3,2,5,2,5,3,4,老人在老家，我在外地，想给他在网上买一个，但没法找人现场测量安装，很头疼。,
190,2026-02-25T06:44:22Z,192,微信,,36.106.54.115(天津-天津),92,1,3,2,2,2,2,1,1,0,1,1,0,0,0,0,0,1,3,1,1,1,0,0,5,5,5,4,4,2,4,3,4,3,4,4,5,4,5,4,5,3,5,4,3,3,4,,
191,2026-02-25T06:45:02Z,317,微信,,111.162.220.219(天津-天津),99,2,4,3,4,2,2,1,0,1,0,0,0,0,0,0,1,0,5,0,1,1,0,0,4,5,4,5,5,5,4,5,3,3,3,4,5,4,4,5,4,4,5,5,4,4,5,申请流程越简单越好，去居委会登个记就行，别整那些虚头巴脑的。,安装后三个月回访一次，看看用得顺不顺手，及时调整。
192,2026-02-25T06:45:29Z,289,微信,,218.69.243.127(天津-天津),98,2,2,3,4,3,1,2,1,0,1,0,0,1,0,0,0,0,1,1,1,1,0,1,4,4,4,4,2,3,3,4,3,5,5,5,5,5,5,5,4,5,4,5,4,5,5,扶手太细了！我妈手大，抓着没安全感，至少得粗点。,希望政府能联合媒体，多做一些关于防跌倒扶手的公益广告，提高大家的意识。
193,2026-02-25T06:45:50Z,304,微信,,111.30.195.185(天津-天津),72,1,1,3,4,2,5,2,1,0,1,1,0,0,1,0,0,0,5,1,1,1,1,0,5,2,2,2,4,4,4,4,4,4,5,4,4,3,3,2,3,3,2,1,2,3,2,最好能定期上门检查检查松没松，尤其是住了好几年的老楼。,希望有真实用户视频分享，同龄人说比子女劝有用多了。
194,2026-02-25T06:46:42Z,239,微信,,111.32.106.230(天津-天津),98,1,4,3,4,3,5,1,1,1,1,1,0,0,1,0,0,0,4,1,0,1,1,0,4,3,4,5,4,4,3,4,4,4,5,5,4,3,5,5,4,4,4,5,5,5,5,安装过程噪音大，午休时间敲打，邻居投诉。,老人总说装了扶手显得自己没用，社区能不能开个健康讲座，讲讲这是预防意外，不是承认不行。
195,2026-02-25T06:47:08Z,306,微信,,180.213.132.141(天津-天津),84,1,4,3,4,3,1,2,1,0,0,0,1,1,0,0,0,0,1,1,1,1,0,1,2,2,2,2,5,4,5,4,5,4,3,4,5,4,5,4,3,2,3,2,5,5,4,有些马桶旁边的扶手高度是固定的，我家老人个子矮，够着费劲，得垫脚才行。,
196,2026-02-25T06:47:20Z,52,微信,,117.12.1.146(天津-天津),61,1,4,1,1,1,3,1,0,1,0,0,0,0,0,0,0,1,5,0,0,1,0,1,1,5,4,5,3,1,2,4,1,2,5,1,3,5,1,2,1,3,3,3,2,1,3,,
197,2026-02-25T06:47:21Z,351,微信,,218.68.189.183(天津-天津),86,1,4,2,3,2,3,2,1,0,1,0,1,0,0,1,0,0,3,1,1,1,1,0,4,3,4,3,3,3,4,3,4,4,3,5,4,4,5,4,4,4,3,2,5,5,3,一些网购的扶手，包装特别简陋，就一个塑料袋，运输过程中磕了碰了，都有划痕。,
198,2026-02-25T06:48:52Z,224,微信,,36.106.205.105(天津-天津),101,1,2,1,2,2,3,2,1,0,0,0,1,0,0,1,0,0,2,1,0,0,1,0,5,4,4,4,5,3,5,4,5,5,4,4,5,4,4,5,3,5,4,5,4,5,5,购买渠道太杂了，网上搜出来五花八门，分不清哪些是合格产品，怕买到承重不够的劣质货。,能不能和智能手环联动？用得好还能积分换礼品。
199,2026-02-25T06:48:53Z,187,微信,,111.31.176.126(天津-天津),89,1,5,2,4,2,1,2,1,0,1,0,1,0,1,0,0,0,3,1,1,1,1,0,3,5,2,4,3,5,5,5,4,3,5,4,3,2,2,3,5,5,5,5,4,3,4,,
200,2026-02-25T06:49:40Z,340,微信,,180.213.94.116(天津-天津),94,1,1,1,2,1,2,2,1,0,1,0,1,0,0,1,0,0,2,1,0,1,1,1,4,4,3,3,4,5,3,4,4,5,5,5,3,4,5,4,4,3,4,5,4,4,5,能不能弄个电话申请？我们不会用手机填那些复杂的表格。,安装后有人教怎么用、怎么借力，别装完就走，老人不敢使劲扶。
201,2026-02-25T06:50:18Z,333,微信,,111.33.203.88(天津-天津),91,2,2,3,3,2,1,1,1,1,1,1,0,0,0,0,0,1,3,1,0,1,0,0,4,4,5,5,4,4,4,3,5,4,3,4,4,4,5,4,4,3,4,3,3,4,4,希望给那些家里条件困难的低保户免费装，富人就不抢这名额了。,能不能出个微信小程序？一键申请，进度还能实时查。
202,2026-02-25T06:50:25Z,295,微信,,111.32.60.189(天津-天津),76,1,5,1,4,2,3,1,1,1,1,0,1,0,0,1,0,0,4,0,1,1,0,0,5,2,3,4,3,3,2,4,4,4,3,4,3,3,4,3,3,2,3,4,3,3,4,,
203,2026-02-25T06:50:55Z,267,微信,,111.33.213.239(天津-天津),63,1,1,3,2,1,5,2,1,0,1,1,0,0,0,0,1,0,3,0,0,1,1,0,5,2,2,2,1,1,3,3,3,4,4,3,1,3,2,2,5,5,4,4,1,1,2,尺寸标注不清楚，说是通用款，结果买回来要么太粗握不住，要么太细硌手。,
204,2026-02-25T06:50:58Z,311,微信,,111.33.4.53(天津-天津),102,2,3,2,4,2,4,2,1,0,1,1,0,0,0,0,0,1,1,1,1,0,1,0,4,4,3,4,4,4,5,5,4,2,5,5,5,5,5,5,5,5,4,5,5,4,5,咱们居委会得多费费心，挨家挨户问问谁家老人真需要，别等着我们自己报名。,希望政府能规范扶手的市场价格和质量，让我们能花合理的钱，买到质量有保障的扶手，劝老人的时候也更有底气。
205,2026-02-25T06:51:32Z,332,微信,,218.68.159.231(天津-天津),72,1,3,3,3,1,2,2,1,1,1,1,0,0,1,0,0,0,2,1,0,1,0,0,2,4,4,3,3,2,3,2,4,4,3,3,5,5,3,4,3,2,2,3,3,2,3,,
206,2026-02-25T06:52:12Z,256,微信,,117.9.238.106(天津-天津),83,2,3,2,3,1,2,2,1,0,0,1,0,0,0,1,0,0,2,1,0,0,0,0,1,3,2,3,2,3,4,3,5,5,4,3,5,4,3,4,5,4,4,5,4,3,4,安装的时候得把墙皮给补好，别弄得千疮百孔的，看着心疼。,希望街道办牵头统一采购，价格透明，质量也有保障。
207,2026-02-25T06:52:42Z,198,微信,,111.33.216.200(天津-天津),84,2,3,2,3,2,4,1,0,1,0,1,0,0,0,1,0,0,2,1,0,1,1,0,3,4,3,3,4,5,4,4,5,5,4,5,4,4,3,2,4,3,3,2,4,3,3,电商页面图太小，根本看不出细节，买回来才发现边角没打磨。,政策上能不能要求公共场所，比如公园、商场等，都安装防跌倒扶手，让老人出门也安全。
208,2026-02-25T06:53:12Z,342,微信,,111.30.124.72(天津-天津),86,1,3,3,3,2,1,1,1,1,1,0,0,0,0,1,0,0,2,1,0,1,0,0,4,4,4,2,5,4,4,4,4,5,3,3,3,3,4,3,3,4,3,5,4,4,4,,我们孩子还小，既要顾小的又要顾老的，如果能有个托管班似的，我们去看扶手时能帮着看会儿老人。
209,2026-02-25T06:53:31Z,223,微信,,180.213.94.116(天津-天津),77,2,1,3,2,1,5,1,1,1,1,1,0,0,0,0,1,0,5,1,0,1,0,1,4,4,4,4,4,4,2,3,3,3,3,3,4,4,2,2,4,3,4,4,3,3,3,产品设计方面，我觉得扶手应该做得更多功能一些，比如带个灯什么的。购买渠道嘛，我觉得应该多在社区里做做活动，让老人知道有哪些新产品。安装服务还行，师傅装得挺快的，但没教老人怎么使用新功能。,
210,2026-02-25T06:53:38Z,308,微信,,111.31.176.230(天津-天津),69,1,5,2,4,3,4,1,1,0,1,1,0,0,1,0,0,0,2,1,1,0,1,0,4,4,4,4,3,2,4,4,1,1,2,2,4,3,3,4,2,2,2,2,4,4,4,我发现有些扶手设计得太不合理了，比如有的扶手离窗户太近，老人开窗容易碰到。购买渠道还算方便，但价格太贵了，希望能有更多优惠。安装服务挺好的，师傅很细心，还帮老人调整了扶手位置以避免碰到窗户。,
211,2026-02-25T06:54:28Z,218,微信,,101.39.10.0(北京-北京),104,1,4,2,4,3,2,1,1,0,1,1,0,0,1,0,0,0,2,1,0,1,1,0,5,5,5,5,3,3,5,4,4,4,4,4,5,5,5,4,5,5,5,5,5,5,4,我发现有些扶手设计得太不实用了，比如有的扶手太短，老人走几步就没扶手了。购买渠道还算方便，但价格差异太大了，希望能有更统一的价格。安装服务还行，师傅装得挺结实的，但没打扫卫生。,
212,2026-02-25T06:54:32Z,328,微信,,221.196.119.53(天津-天津),74,1,1,3,3,3,2,1,1,0,1,1,0,1,0,0,0,0,3,1,1,1,0,0,3,4,2,4,3,2,1,1,3,3,4,4,3,4,4,4,5,4,3,3,4,3,3,,
213,2026-02-25T06:54:55Z,348,微信,,117.11.153.100(天津-天津),74,1,1,2,3,2,1,1,1,1,1,0,1,0,0,0,0,1,3,1,0,1,1,0,4,3,2,3,2,4,4,4,2,4,4,4,4,3,2,3,2,2,2,3,4,4,5,想给老人买个好点的，但商场里进口的太贵，国产的又怕材质不行，挺纠结的。,
214,2026-02-25T06:55:22Z,323,微信,,117.9.93.181(天津-天津),93,1,1,1,3,3,4,1,1,0,1,0,0,0,1,0,0,0,3,1,0,0,1,1,3,3,4,3,5,4,4,4,5,4,5,4,5,4,5,4,4,4,5,2,5,4,3,,
215,2026-02-25T06:56:07Z,264,微信,,111.33.208.125(天津-天津),87,1,2,2,2,1,4,1,1,0,1,1,0,0,0,1,0,0,1,0,1,0,0,1,4,3,4,4,3,4,4,4,2,5,4,2,5,5,5,4,3,3,3,3,5,4,4,,
216,2026-02-25T06:56:44Z,292,微信,,111.162.202.11(天津-天津),75,1,2,2,1,1,5,2,1,0,1,1,0,0,0,1,0,0,4,1,0,1,1,0,5,5,5,4,3,4,4,3,4,5,3,2,1,3,2,3,1,4,3,3,3,2,3,,
217,2026-02-25T06:57:04Z,343,微信,,111.33.217.5(天津-天津),69,2,2,2,2,2,4,2,1,0,1,0,0,0,0,0,1,0,3,1,1,1,1,0,1,2,2,1,3,5,4,5,3,4,3,4,2,3,4,2,3,3,2,3,4,2,4,扶手设计得太丑了，跟家里装修不搭，应该出点简约风格的。购买渠道倒是挺多的，但网上买容易买到假货。安装服务挺好的，师傅很耐心，还帮老人把扶手擦干净了。,
218,2026-02-25T06:57:09Z,312,微信,,111.33.217.5(天津-天津),80,2,2,3,4,2,3,2,1,0,1,1,0,0,0,1,0,0,1,1,1,1,1,0,1,3,4,3,3,2,2,4,4,5,5,5,4,4,4,4,4,3,2,3,4,3,4,网上买回来发现尺寸不对，退货又麻烦，老人等不及。,政策上能不能给装防跌倒扶手的家庭一些补贴呀，这样老人知道是花了钱，可能就更愿意用啦。
219,2026-02-25T06:57:33Z,207,微信,,111.162.186.252(天津-天津),99,2,4,2,4,2,1,2,0,1,1,0,1,0,1,0,0,0,3,1,1,1,0,0,3,3,3,3,5,4,5,5,4,5,5,5,4,5,4,4,5,5,5,5,4,3,5,,别用透明或荧光色，晚上看着瘆得慌，不安心。
220,2026-02-25T06:58:22Z,199,微信,,111.33.246.71(天津-天津),93,1,2,2,4,3,3,2,0,1,0,0,0,0,0,0,0,1,3,1,1,1,1,0,5,5,5,5,5,4,5,4,3,4,5,3,2,3,1,2,5,5,4,5,5,4,4,,
221,2026-02-25T06:58:40Z,270,微信,,117.12.144.189(天津-天津),83,1,1,3,2,1,5,1,1,0,1,0,0,0,1,0,0,0,4,1,0,1,0,0,4,5,3,5,2,2,4,2,4,4,4,4,5,2,2,5,5,5,4,4,3,2,3,,
222,2026-02-25T06:59:05Z,303,微信,,117.10.148.4(天津-天津),90,1,1,1,2,2,2,1,1,1,1,1,0,0,0,0,1,0,3,1,1,0,1,0,5,5,5,5,4,4,5,4,5,3,3,5,4,4,4,2,3,4,1,2,4,4,5,,
223,2026-02-25T06:59:12Z,58,微信,,111.32.61.91(天津-天津),74,1,1,2,4,1,5,1,0,0,0,0,1,0,0,1,0,1,3,1,0,0,0,0,3,5,1,4,2,4,3,3,5,4,2,5,4,2,1,5,3,4,3,5,1,2,3,,
224,2026-02-25T06:59:36Z,185,微信,,111.33.250.149(天津-天津),73,2,1,2,3,3,3,2,1,0,1,0,0,0,1,0,0,0,5,0,0,1,1,0,4,4,2,4,3,2,3,3,4,3,2,3,4,4,3,2,4,3,4,5,2,2,3,扶手末端太尖，万一摔倒戳到身体很危险。,对于一些独居又特别固执的老人，能不能安排志愿者结对子，多关心多劝导？
225,2026-02-25T07:00:29Z,348,微信,,36.106.182.50(天津-天津),98,1,2,3,4,3,4,2,1,0,1,0,0,0,0,1,0,0,1,1,1,1,1,0,3,4,4,3,5,5,5,4,3,3,5,5,5,5,5,4,4,4,3,4,5,5,5,那种可以折叠的扶手，折叠机构的耐用性不知道怎么样，怕用多了就坏了。,
226,2026-02-25T07:00:31Z,271,微信,,111.162.186.252(天津-天津),95,2,1,1,2,1,5,2,1,0,1,0,0,0,0,1,0,0,5,1,0,1,0,0,4,3,3,5,4,4,4,5,3,4,4,4,4,5,4,3,5,5,5,4,4,4,5,工人上门安装，额外收个远程费、高空作业费，提前也不说，装完才告诉，感觉不好。,
227,2026-02-25T07:01:29Z,336,微信,,116.130.34.73(天津-天津),85,1,1,1,2,3,5,2,1,0,1,1,1,1,0,0,0,0,3,1,0,1,1,0,4,4,3,3,5,4,5,5,1,2,2,2,4,5,5,5,3,4,3,5,3,3,5,,
228,2026-02-25T07:01:32Z,212,微信,,111.161.188.100(天津-天津),86,1,2,2,2,1,4,2,1,0,1,1,0,0,0,1,0,0,4,1,1,1,1,0,4,4,2,5,5,4,5,5,3,2,2,3,4,2,4,4,4,4,5,4,4,3,4,,
229,2026-02-25T07:02:03Z,261,微信,,111.163.83.244(天津-天津),80,1,4,3,3,3,4,2,1,0,1,0,0,0,1,0,0,0,1,1,0,0,1,0,2,2,2,2,3,4,3,3,4,4,3,4,3,4,4,4,4,5,5,5,3,4,3,我觉得防跌倒扶手设计得太硬了，握着不舒服，应该做得更圆润、柔软些。购买渠道还算方便，线上线下都有。但安装服务太差劲，师傅来得晚，还装得歪歪扭扭的。,
230,2026-02-25T07:02:21Z,290,微信,,111.162.183.75(天津-天津),82,2,1,1,2,1,5,1,1,1,1,0,0,0,0,1,0,0,2,1,1,1,1,0,3,2,4,4,4,4,4,4,3,3,2,4,4,4,3,4,4,4,4,3,4,4,3,很多扶手只有白色和黄色，要是能出点木纹色的，跟家里家具配得上，老人更容易接受。,
231,2026-02-25T07:03:03Z,250,微信,,111.161.188.166(天津-天津),92,2,3,3,3,2,4,1,0,1,1,0,0,0,0,0,0,1,4,0,0,1,0,0,4,4,4,5,4,4,4,5,4,3,4,4,4,4,5,5,2,3,4,3,4,5,4,,我们最担心的，其实是老人摔倒之后，我们不在身边，所以希望扶手能尽可能安全，也要有后续关怀。
232,2026-02-25T07:03:37Z,288,微信,,42.122.45.254(天津-天津),89,2,3,2,3,3,6,2,1,0,1,0,0,1,0,0,0,0,2,0,1,1,1,0,3,5,5,4,3,4,4,4,4,3,4,3,4,4,4,4,4,5,3,4,4,3,4,产品设计太工业化，完全没有家居感，像病房。,希望媒体能多宣传宣传，让全社会都关注老人防跌倒，老人的观念也会慢慢转变。
233,2026-02-25T07:04:22Z,364,微信,,180.213.137.2(天津-天津),83,2,1,3,2,2,1,1,1,1,0,1,0,0,0,0,1,0,3,1,0,1,1,1,3,5,4,4,4,4,4,4,1,2,2,2,5,3,3,3,5,4,3,5,4,4,5,,
234,2026-02-25T07:04:29Z,351,微信,,111.32.123.149(天津-天津),67,1,2,2,1,1,3,1,0,0,1,0,0,0,0,1,0,0,2,1,0,1,1,0,2,2,1,3,5,1,2,3,4,4,4,3,5,4,3,3,4,3,2,2,2,3,2,社区推荐的厂家报价虚高，比网上贵一倍，还不让砍价。,社区能不能安排志愿者陪老人一起练习使用扶手，让老人慢慢熟悉，不会觉得害怕。
235,2026-02-25T07:04:44Z,298,微信,,36.106.89.229(天津-天津),90,2,2,3,2,2,5,1,1,0,1,1,1,0,1,0,0,0,1,0,0,1,1,1,4,3,3,4,5,5,5,5,4,4,4,4,5,4,3,4,4,3,1,3,5,4,4,安装完了能不能顺手把地上的灰给扫了，别还得让我们老年人收拾。,希望社区干部多上门聊聊，别等出事才重视。
236,2026-02-25T07:05:05Z,290,微信,,60.27.177.236(天津-天津),80,2,3,2,3,2,1,1,1,0,0,1,0,0,0,1,0,0,3,0,0,1,1,1,2,2,2,4,3,3,4,4,3,4,3,2,5,5,4,4,4,4,3,4,3,4,4,其实很多扶手外观设计跟不上现在的装修，又笨又丑，安在家里显得格格不入。,我们做子女的，有时候出差在外，最怕半夜接到老人电话，所以社区的安全网特别重要。
237,2026-02-25T07:05:50Z,336,微信,,42.122.223.9(天津-天津),90,1,1,1,2,2,4,2,1,0,1,1,0,0,0,1,0,0,3,0,1,1,0,0,5,2,5,5,4,4,5,5,5,5,5,5,4,5,4,5,1,1,2,1,4,4,4,网上购买的扶手，售后特别差，收到货有瑕疵想退换，商家推诿扯皮，折腾起来太麻烦。,别光装公共区域，入户门内几步路也容易摔，得全覆盖。
238,2026-02-25T07:06:27Z,302,微信,,111.31.155.250(天津-天津),89,2,1,1,2,2,5,2,0,0,0,1,0,0,0,1,0,0,4,0,0,0,1,0,3,3,3,4,5,5,5,5,4,3,3,3,3,3,3,3,4,4,3,5,5,5,5,,安装后发个使用小贴士，贴冰箱上提醒全家配合。
239,2026-02-25T07:07:05Z,238,微信,,180.213.90.88(天津-天津),90,1,3,2,3,1,1,2,1,0,1,1,0,0,1,0,0,0,2,1,0,0,0,1,3,4,3,4,4,5,5,5,4,5,4,4,5,3,4,4,2,3,2,4,4,4,5,公共场合的扶手就更别提了，公园里的有些都生锈了，也没人维护，谁敢扶啊。,
240,2026-02-25T07:07:27Z,201,微信,,180.213.94.116(天津-天津),68,2,2,1,1,1,5,1,0,0,1,1,1,0,0,0,0,1,3,1,0,1,0,0,4,2,2,2,3,2,3,4,3,3,2,3,4,3,3,4,2,4,2,2,3,4,4,,
241,2026-02-25T07:07:35Z,343,微信,,101.39.22.247(北京-北京),88,1,1,2,4,1,3,1,1,1,0,1,0,0,0,1,0,0,2,1,0,1,1,0,3,5,4,4,5,5,5,4,5,4,3,5,3,3,3,4,4,3,2,3,3,4,4,很多扶手的颜色太暗，老人眼神不好，有时候根本找不到扶手的位置，失去了防护作用。,能不能设“安全改造积分”？装了扶手能兑换理发、送餐服务。
242,2026-02-25T07:07:55Z,321,微信,,111.32.125.240(天津-天津),77,2,3,2,2,1,2,2,1,1,1,0,1,0,0,1,0,0,4,0,1,0,1,0,4,3,4,3,2,3,3,2,4,5,4,4,3,4,4,2,2,4,3,3,4,4,3,,
243,2026-02-25T07:08:16Z,255,微信,,111.32.125.240(天津-天津),91,1,4,3,4,2,6,2,1,0,1,0,0,1,0,0,0,0,2,1,1,1,0,1,5,4,4,5,5,5,2,5,5,4,5,4,3,4,3,2,4,5,4,2,3,4,4,,
244,2026-02-25T07:08:39Z,185,微信,,101.39.31.166(北京-北京),86,1,1,2,4,3,4,2,1,0,1,0,0,0,1,0,0,0,3,1,1,0,1,0,3,3,4,3,5,5,5,4,4,4,4,3,5,5,5,4,2,3,2,3,5,4,1,安装收费不透明，说好免费，最后收“材料附加费”。,政策上能不能对防跌倒扶手的研发给予更多的资金支持，推动技术进步。
245,2026-02-25T07:09:28Z,203,微信,,36.106.131.192(天津-天津),75,1,2,1,1,1,5,2,1,1,1,0,0,0,1,0,0,0,3,1,1,0,1,0,4,4,4,3,3,3,2,3,2,2,3,3,2,4,3,4,2,3,3,4,5,5,4,,希望纳入老旧小区改造必选项，不是可有可无。
246,2026-02-25T07:10:17Z,223,微信,,117.14.118.14(天津-天津),92,1,3,2,3,2,1,1,1,0,1,1,0,1,0,0,0,0,1,1,1,1,1,0,3,3,3,2,4,4,5,3,5,5,5,5,4,4,4,3,5,4,4,5,4,4,4,,安装避开节假日和午休，别打扰老人休息。
247,2026-02-25T07:10:51Z,291,微信,,111.31.147.247(天津-天津),88,1,1,1,3,2,6,2,1,0,1,1,0,0,0,1,0,0,3,1,1,0,0,0,5,4,5,5,4,5,4,4,2,3,2,2,3,4,3,3,5,5,4,5,3,4,4,,
248,2026-02-25T07:10:55Z,234,微信,,117.120.117.235(辽宁-沈阳),62,2,4,2,4,3,3,1,1,1,1,1,0,0,1,0,0,0,2,0,1,0,0,0,3,2,3,2,5,5,4,5,1,2,1,2,1,2,2,1,4,4,4,4,2,1,2,其实很多扶手的设计没考虑到左撇子，或者老人习惯用哪只手使劲儿的问题。,
249,2026-02-25T07:11:08Z,229,微信,,180.213.151.112(天津-天津),68,1,3,2,3,1,4,2,1,0,1,1,0,0,0,0,1,0,3,1,1,1,1,0,3,2,4,2,3,3,2,3,3,2,4,2,3,3,3,3,3,3,3,2,4,4,4,,
250,2026-02-25T07:12:08Z,357,微信,,111.30.216.82(天津-天津),92,1,2,2,4,3,6,2,1,1,1,0,0,0,0,1,0,0,3,1,1,1,1,0,3,5,5,4,4,5,4,4,3,4,4,3,5,4,5,5,3,3,4,1,4,5,5,产品包装里连个说明书都没有，全靠自己琢磨怎么装。,社区能不能提供一些防跌倒扶手的维护服务，比如定期清洁、润滑等，延长使用寿命。
251,2026-02-25T07:12:31Z,307,微信,,60.27.136.33(天津-天津),96,1,1,3,3,2,1,2,1,1,1,1,0,0,0,1,0,0,3,1,0,0,0,0,2,5,4,4,5,5,4,5,2,4,2,2,5,4,5,5,5,4,5,4,5,5,5,,安装工具轻便，别破坏老房子瓷砖。
252,2026-02-25T07:12:56Z,271,微信,,36.106.131.192(天津-天津),85,2,3,1,4,3,3,2,1,0,1,1,0,0,0,0,0,1,2,1,0,1,0,1,4,4,2,4,3,3,4,3,4,4,3,4,4,4,4,3,4,5,5,5,5,2,2,同一型号不同批次颜色不一致，补装一段明显色差。,有的扶手功能多，老人不会用，说明书字太小，能不能有社工上门教他们怎么操作？
253,2026-02-25T07:13:35Z,299,微信,,117.14.249.244(天津-天津),106,2,3,1,2,1,4,1,1,1,1,1,0,0,0,1,0,0,2,1,1,0,1,1,5,4,5,5,5,4,4,5,5,5,5,5,5,5,4,5,3,4,5,3,5,5,5,线下门店的扶手价格太高，比网上贵不少，而且款式很少，根本选不到合适的。,别用复杂结构，越简单老人越敢用。
254,2026-02-25T07:13:53Z,226,微信,,111.31.176.126(天津-天津),76,2,2,2,4,3,3,2,1,0,1,0,0,0,0,1,0,0,5,1,0,1,0,1,3,5,3,4,5,4,4,4,2,1,2,3,5,4,3,5,2,2,3,3,3,3,3,,
255,2026-02-25T07:14:01Z,260,微信,,111.30.234.123(天津-天津),63,2,2,1,2,1,1,2,1,1,1,1,0,0,0,1,0,0,2,0,0,1,1,0,5,5,1,2,1,2,2,1,3,1,5,5,4,1,3,2,4,2,5,1,1,3,4,电商发货慢，说好三天到，等了一周，老人着急。,其实老人也怕被邻居笑话，要是社区能把这个事做成一种常态，家家户户都装，就不显得特殊了。
256,2026-02-25T07:14:43Z,266,微信,,111.162.128.189(天津-天津),87,2,1,3,4,3,1,2,1,1,1,0,0,0,0,1,0,0,2,1,0,0,1,0,3,4,4,4,5,4,4,4,4,4,4,3,3,5,3,3,3,4,4,4,3,4,4,,
257,2026-02-25T07:15:06Z,199,微信,,117.14.249.244(天津-天津),71,1,2,3,3,2,1,2,1,1,0,0,0,0,0,0,1,0,5,1,0,1,0,1,2,3,3,3,4,4,2,3,3,2,5,2,5,2,5,4,5,3,2,3,3,1,2,,
258,2026-02-25T07:15:13Z,268,微信,,60.25.189.5(天津-天津),97,2,2,1,3,3,3,1,1,1,1,1,0,0,0,1,0,0,1,1,0,1,0,0,5,4,3,5,3,5,5,5,5,5,4,5,5,4,5,4,3,3,4,3,5,3,4,,
259,2026-02-25T07:15:53Z,270,微信,,60.27.43.139(天津-天津),101,1,4,2,3,2,3,2,1,0,1,1,0,1,0,0,0,0,1,1,0,1,0,0,4,4,4,4,5,5,4,3,5,5,5,5,5,5,4,5,2,4,4,5,5,4,5,,
260,2026-02-25T07:16:30Z,207,微信,,218.69.72.4(天津-天津),52,2,1,1,2,1,1,2,1,0,1,1,0,0,0,0,1,0,4,1,1,1,1,0,1,2,4,3,3,2,3,3,1,2,1,1,1,2,1,2,5,2,3,2,3,3,2,安装师傅不戴鞋套，踩脏刚拖的地，态度还不好。,政府能不能把适老化改造纳入医保或者长护险里，这样老人的接受度会高很多。
261,2026-02-25T07:16:42Z,331,微信,,36.106.51.230(天津-天津),98,1,2,3,4,3,6,2,1,1,1,0,0,0,1,0,0,0,3,1,1,0,0,0,5,5,5,5,4,4,5,5,4,4,3,4,4,4,4,5,4,2,4,4,5,5,4,,安装过程尽量快，别拖好几天影响老人生活。
262,2026-02-25T07:17:08Z,207,微信,,111.30.124.221(天津-天津),89,2,2,1,3,1,1,2,1,0,1,0,0,0,0,1,0,0,2,1,1,0,0,0,3,3,4,4,5,4,5,5,4,2,2,3,5,5,4,4,4,4,4,5,3,4,3,没有考虑视力差的老人，颜色和墙面融为一体，摸半天才找到。,万一装完了老人用不习惯，或者位置不对，有没有那种可以免费调整的服务？
263,2026-02-25T07:17:31Z,346,微信,,60.24.249.155(天津-天津),80,2,1,3,3,2,3,2,1,1,1,1,0,0,0,1,0,0,2,1,0,1,1,0,2,4,5,3,4,5,3,4,2,4,2,3,4,4,4,4,4,2,3,4,3,4,3,,
264,2026-02-25T07:17:47Z,325,微信,,218.69.72.4(天津-天津),107,2,1,1,1,1,3,2,1,1,0,0,0,0,0,0,0,1,4,1,0,1,1,0,5,5,4,4,4,4,5,4,5,5,5,5,5,4,5,5,4,5,5,5,5,5,4,老小区墙面是空心砖，普通膨胀螺丝根本吃不住力，但没人提醒。,政策上能不能鼓励企业研发更先进的防跌倒扶手，比如带报警功能的，老人跌倒时能自动报警。
265,2026-02-25T07:17:55Z,317,微信,,111.161.188.30(天津-天津),85,1,2,1,1,1,5,1,1,0,1,0,0,1,0,0,0,0,2,0,0,0,1,0,3,5,4,4,3,3,3,3,2,3,3,3,5,5,4,4,3,4,5,4,4,5,3,安装师傅不专业，不知道扶手该装在哪个位置最安全，全凭自己经验来，根本不考虑老人使用习惯。,希望政府发布本地老人平均身高数据，科学定高度。
266,2026-02-25T07:18:26Z,198,微信,,111.32.123.149(天津-天津),78,2,2,1,2,1,5,2,1,0,1,1,1,1,0,0,0,0,3,1,1,1,1,0,5,5,4,5,5,3,4,2,3,3,4,2,3,2,4,3,2,3,1,2,4,4,5,,
267,2026-02-25T07:18:30Z,254,微信,,111.32.106.255(天津-天津),103,2,1,3,2,1,3,2,1,0,0,0,0,0,1,0,0,0,3,1,0,0,1,0,4,5,5,4,5,5,5,5,5,4,5,4,4,5,4,5,3,3,5,3,5,5,5,,
268,2026-02-25T07:18:42Z,240,微信,,111.161.188.30(天津-天津),101,2,2,1,2,1,1,1,1,0,1,0,1,0,0,0,1,0,3,1,1,1,0,0,3,5,4,5,5,4,3,5,5,3,4,5,5,4,5,5,4,4,4,4,5,5,5,我想给老人浴室装一个，但工人说防水处理不好做，时间长了螺丝会锈断。,
269,2026-02-25T07:19:10Z,245,微信,,111.33.246.223(天津-天津),79,1,3,2,3,2,3,2,1,1,1,0,0,1,0,0,0,0,3,0,0,1,0,0,5,4,4,3,2,4,3,5,3,4,2,3,2,3,3,2,5,5,5,5,2,2,3,,安装后教家属怎么检查松动，形成家庭监督机制。
270,2026-02-25T07:19:43Z,261,微信,,103.63.155.248(辽宁-沈阳),85,2,1,2,3,2,4,1,1,0,1,0,0,0,1,0,0,0,2,1,1,1,1,0,3,3,4,3,3,3,5,5,4,4,5,4,4,5,4,4,3,2,2,3,5,3,4,,希望材质防火阻燃，安全第一，尤其独居老人。
271,2026-02-25T07:20:29Z,242,微信,,117.120.78.179(辽宁-沈阳),74,2,1,2,4,2,2,2,1,1,1,1,0,0,0,1,0,0,3,1,1,1,0,0,3,4,4,3,4,4,3,4,4,3,2,2,4,4,3,4,2,3,2,1,4,4,3,社区要是能组织团购就更好了，人多力量大，价格能谈下来。,别光强调“防摔”，多说“更方便”“更省力”，老人听着舒服。
272,2026-02-25T07:21:08Z,331,微信,,111.30.121.93(天津-天津),64,1,4,2,3,2,3,1,1,1,0,1,0,0,0,1,0,0,3,1,0,1,0,0,3,3,3,4,3,3,3,3,3,3,2,3,2,2,2,2,3,4,3,3,2,2,3,扶手的高度都是固定的，我家老人个子矮，扶着得弯腰，特别费劲，没有可调节的选项。,能不能设个热线？打过去就有专人解答疑问。
273,2026-02-25T07:21:43Z,299,微信,,111.32.63.203(天津-天津),84,2,3,2,3,2,2,2,1,0,1,1,0,1,0,0,0,0,5,1,0,1,0,0,4,4,5,4,4,4,5,4,2,3,3,1,4,4,4,4,3,3,3,2,5,5,4,其实我们最担心的是，花了钱安了，但老人嫌不好看或者不好用，死活不用，那就白费了。,
274,2026-02-25T07:22:13Z,306,微信,,111.32.63.203(天津-天津),95,1,1,2,2,2,1,1,1,1,0,1,0,1,0,0,0,0,2,1,1,0,0,0,4,5,3,5,2,3,3,1,4,5,4,5,5,5,5,4,4,4,5,5,5,4,5,,
275,2026-02-25T07:23:03Z,302,微信,,103.63.154.234(辽宁-沈阳),94,2,4,3,3,2,6,2,1,0,0,0,1,0,0,1,0,0,3,1,1,0,1,1,4,4,5,4,4,4,4,4,4,4,4,4,3,4,5,5,3,5,3,4,5,5,3,产品没有安全认证标识，不知道符不符合国标。,我们平时上班忙，要是社区能提供上门安装的监督服务，帮我们把把关，就太感谢了。
276,2026-02-25T07:23:24Z,250,微信,,117.14.249.244(天津-天津),100,2,3,2,3,2,5,2,1,0,1,0,0,0,0,1,0,0,2,1,0,0,1,0,5,5,5,5,4,3,3,4,5,5,5,5,3,3,5,4,4,5,4,4,5,5,4,,希望把这项工作做成长期性的，今年装了这批，明年还有，让有需要的老人随时能享受到。
277,2026-02-25T07:23:32Z,290,微信,,218.69.72.4(天津-天津),102,1,1,1,2,3,5,1,1,0,1,0,0,0,1,0,0,0,2,1,1,1,0,0,3,4,4,5,4,3,5,5,5,5,5,5,5,4,5,5,4,4,4,4,5,5,4,,别光靠子女申请，很多爸妈不想麻烦孩子，得主动服务。
278,2026-02-25T07:24:15Z,269,微信,,116.78.83.174(天津-天津),81,1,1,2,2,1,3,1,1,0,1,0,0,0,1,0,0,0,3,1,1,0,1,0,4,4,4,3,5,5,5,3,3,5,3,3,4,3,4,3,2,2,2,3,4,4,3,产品设计上，我觉得扶手应该做得更多样化一些，满足不同老人的需求。购买渠道嘛，我觉得应该多在小区里设点销售点，方便老人购买。安装服务挺好的，师傅很热情，还帮老人搬了家具以便安装扶手。,
279,2026-02-25T07:25:03Z,344,微信,,116.130.34.73(天津-天津),105,2,4,2,3,2,4,1,1,0,1,1,0,0,0,1,0,0,3,0,0,1,0,0,3,5,4,4,5,5,5,5,4,5,5,4,4,4,4,5,5,5,4,5,5,5,5,想买可调节角度的，结果关节处松垮，用几次就下垂。,如果能有一些简单的宣传画册，把好处写清楚，再把补贴政策写明白，老人看了能懂。
280,2026-02-25T07:25:34Z,199,微信,,101.39.24.49(北京-北京),93,2,2,1,1,1,3,2,1,0,1,0,0,0,0,1,0,0,2,1,0,1,0,0,5,5,5,5,4,2,3,3,4,2,5,5,3,4,4,4,5,5,4,5,4,3,4,,
281,2026-02-25T07:25:50Z,266,微信,,111.161.188.30(天津-天津),94,1,3,2,4,3,5,1,1,0,1,1,0,0,0,1,0,0,2,1,0,1,1,0,4,4,4,3,4,3,3,3,4,5,5,5,4,4,3,4,5,4,5,4,5,5,4,售后也是个问题，用了一年半载有点晃了，找回去人家说过了质保期，就不管了。,一些老小区的楼梯特别陡，现有的扶手太矮或者太高，能不能根据老人的平均身高做个调整？
282,2026-02-25T07:26:06Z,191,微信,,111.32.121.211(天津-天津),96,1,1,2,3,3,5,2,1,0,1,1,0,0,1,0,0,0,2,1,1,1,0,1,5,4,3,4,5,3,4,4,5,3,4,5,5,5,4,4,4,4,5,5,3,3,5,没有考虑老人手抖，现在这种需要精准抓握的设计根本不友好。,政府能不能出台补贴政策，降低扶手购买和安装的费用，我们劝老人装的时候，也能少一句“花钱多”的反驳。
283,2026-02-25T07:26:36Z,194,微信,,111.32.61.253(天津-天津),91,1,5,2,4,3,6,2,1,1,1,0,0,0,0,0,1,0,3,1,1,1,1,0,4,5,4,5,5,4,5,4,5,5,5,4,4,4,2,4,2,3,2,3,4,4,4,我发现有些扶手设计得太滑了，老人手上有汗就容易脱手。购买渠道还算方便，但网上买退换货麻烦。安装服务挺好的，师傅很细心，还帮老人调试好了。,
284,2026-02-25T07:26:48Z,352,微信,,180.213.136.88(天津-天津),71,2,1,1,2,1,4,2,1,0,1,1,0,0,1,0,0,0,3,1,1,1,1,0,4,5,3,4,2,3,4,3,2,2,2,2,4,4,3,3,4,3,3,3,3,3,2,我发现有些扶手设计得太不实用了，比如有的扶手太细，老人握不住。购买渠道还算方便，但价格差异太大了，希望能有更统一的标准。安装服务挺好的，师傅很专业，还教了老人怎么保养扶手以延长使用寿命。,
285,2026-02-25T07:27:01Z,327,微信,,111.163.158.102(天津-天津),96,2,1,2,4,3,4,2,1,0,0,0,0,1,0,0,0,0,1,1,0,1,0,1,4,4,4,5,3,4,4,4,5,4,5,5,2,4,3,4,5,4,5,5,5,4,4,,别把这事当成任务完成，要带着温度去做，老人才会真心接受。
286,2026-02-25T07:27:48Z,295,微信,,117.120.117.235(辽宁-沈阳),74,2,3,3,3,2,6,2,1,0,0,1,0,1,0,0,0,0,5,1,1,1,1,0,4,4,3,4,4,3,3,3,3,3,3,5,3,2,3,4,2,2,2,1,3,5,5,产品设计方面，我觉得扶手应该做得更牢固一些，有些扶手轻轻一摇就晃。购买渠道嘛，我觉得超市里也应该卖点，方便老人买。安装服务还行，就是师傅来得有点匆忙。,
287,2026-02-25T07:28:22Z,295,微信,,111.32.63.203(天津-天津),70,1,2,3,1,1,3,2,1,0,1,1,0,0,0,1,0,0,2,1,1,0,1,1,3,4,5,5,4,4,4,2,4,4,3,1,2,1,2,2,3,4,3,3,3,1,3,费用这事儿要是能给全免了，那真是给老百姓办大实事了，我们肯定举双手赞成。,能不能有专业的心理疏导人员，针对一些固执的老人，耐心开导，帮他们放下“装扶手就是老了、没用了”的心理包袱。
288,2026-02-25T07:29:06Z,237,微信,,60.27.193.204(天津-天津),64,2,4,3,4,1,5,1,1,1,1,0,0,0,0,0,1,0,3,1,0,1,0,0,4,2,2,2,2,2,2,2,3,3,3,2,2,3,4,3,3,4,5,5,1,3,2,,
289,2026-02-25T07:29:48Z,288,微信,,117.10.177.207(天津-天津),106,2,1,2,2,3,3,2,1,0,0,0,0,0,0,1,0,0,1,1,0,0,0,1,4,4,5,5,5,4,4,4,4,5,4,5,5,4,5,5,5,5,5,4,5,5,5,我看有的设计在扶手上加了凸点防滑，结果反而硌手，不舒服，这设计有点想当然。,
290,2026-02-25T07:30:26Z,263,微信,,117.11.242.19(天津-天津),89,2,1,3,1,1,6,1,1,0,1,1,0,0,0,1,0,0,5,1,0,0,1,0,5,4,5,5,3,5,3,4,3,3,4,3,3,3,2,4,4,5,4,4,5,4,4,,希望材质通过抗菌检测，尤其多人使用的公共区域。
291,2026-02-25T07:30:51Z,326,微信,,111.32.109.246(天津-天津),79,2,3,1,3,1,3,2,1,0,0,0,0,0,1,0,0,0,2,0,0,1,1,1,2,2,3,2,3,4,5,4,4,5,4,4,2,3,3,3,4,3,3,3,4,4,5,扶手设计得太不人性化了，没有考虑到老人不同的身体状况。购买渠道倒是挺多的，但网上买容易遇到骗子，希望能有更安全的购买方式。安装服务挺好的，师傅很细心，还帮老人调整了扶手位置。,
292,2026-02-25T07:31:14Z,346,微信,,117.11.242.19(天津-天津),83,1,2,1,2,3,5,2,1,0,1,0,0,1,0,0,0,0,2,1,0,1,0,0,4,5,4,4,4,3,3,2,4,4,5,4,3,3,5,2,4,2,2,3,5,4,4,,
293,2026-02-25T07:31:46Z,235,微信,,111.33.215.225(天津-天津),77,2,1,1,1,1,4,1,1,0,1,0,0,0,1,0,0,0,2,1,0,1,0,0,4,3,4,3,3,2,2,4,1,2,2,2,5,5,5,5,3,4,3,4,4,4,3,,
294,2026-02-25T07:32:13Z,219,微信,,60.27.193.204(天津-天津),56,2,3,2,3,2,4,2,1,0,1,0,0,0,0,1,0,0,2,1,1,1,0,0,2,5,2,2,1,2,1,2,4,3,3,1,3,3,3,2,1,2,3,2,3,4,2,,
295,2026-02-25T07:33:09Z,289,微信,,111.166.118.50(天津-天津),87,2,4,2,3,2,3,1,1,0,0,0,0,1,0,0,0,0,2,0,0,1,0,0,5,5,5,4,5,4,5,5,3,1,3,3,5,5,5,4,1,1,2,2,5,4,5,想买静音款，结果金属摩擦声很大，晚上用怕吵。,希望社区能派工作人员上门，用通俗易懂的话跟老人讲清楚扶手的用处，打消他们觉得“装了就是没用、添麻烦”的顾虑。
296,2026-02-25T07:33:12Z,271,微信,,60.27.193.204(天津-天津),84,2,3,3,3,1,3,2,1,0,0,0,0,0,0,1,0,0,3,1,0,1,0,0,3,3,2,3,5,5,5,5,3,4,5,5,3,4,3,4,3,2,2,3,5,3,4,,
297,2026-02-25T07:33:44Z,194,微信,,117.11.45.187(天津-天津),73,1,3,1,2,1,3,1,1,0,1,0,0,0,1,0,0,0,2,1,0,1,0,1,5,4,4,3,4,4,4,2,2,2,3,2,3,2,2,3,4,4,2,3,4,3,4,电商评论全是刷的，真实反馈少，不敢信。,希望政府能联合保险公司，推出一些与防跌倒扶手相关的保险产品，降低老人和家属的风险。
298,2026-02-25T07:34:00Z,223,微信,,60.25.63.17(天津-天津),91,1,4,3,4,3,2,1,1,0,0,1,0,0,0,1,0,0,2,1,0,0,0,0,5,4,4,5,5,3,4,2,3,4,4,3,4,4,5,3,3,5,5,4,4,4,4,,
299,2026-02-25T07:34:10Z,256,微信,,117.11.45.67(天津-天津),66,1,3,3,3,2,3,2,0,1,0,1,1,1,0,0,0,0,5,1,0,1,1,0,2,4,3,2,4,2,4,3,3,3,3,3,3,2,1,2,4,4,4,4,2,2,2,安装工人的水平参差不齐，上次来的那个连水平尺都不带，装出来是歪的。,
300,2026-02-25T07:34:55Z,280,微信,,111.33.219.26(天津-天津),79,1,1,3,3,2,3,2,1,1,1,1,0,0,0,1,0,0,3,1,0,0,0,1,1,3,3,3,3,3,4,3,3,5,4,5,3,2,2,2,4,5,4,4,3,5,5,申请的时候别让我填那么多表，眼神不好使，看着就头晕。,政府能不能多在小区、菜市场、公园这些老人常去的地方，张贴扶手科普海报，反复宣传，让老人慢慢接受。
301,2026-02-25T07:34:56Z,353,微信,,218.69.72.4(天津-天津),88,2,2,2,3,2,6,2,1,0,1,1,0,1,0,0,0,0,2,1,0,1,0,0,3,2,5,3,4,4,5,5,4,5,5,4,5,4,5,4,2,2,2,1,5,5,4,扶手宽度不够，手掌放不下，只能抓边缘，不稳。,我们小区是老楼，楼道里也应该安，但这个事没人牵头，希望能有政策支持楼道公共区域改造。
302,2026-02-25T07:35:01Z,286,微信,,111.31.188.26(天津-天津),100,2,4,2,4,3,5,2,1,0,0,1,0,0,0,1,0,0,2,1,0,1,1,0,5,3,3,4,5,4,5,4,5,4,3,4,4,5,5,5,5,5,4,4,4,5,5,产品设计上，我觉得扶手应该做得更宽一些，这样老人握着更稳当。购买渠道嘛，我觉得应该多开些专卖店，方便老人去试。安装服务还行，就是师傅来得有点晚。,
303,2026-02-25T07:35:13Z,336,微信,,103.63.155.225(辽宁-沈阳),102,1,1,2,3,1,2,2,1,1,1,1,0,0,0,1,0,0,3,0,1,1,1,0,3,4,5,5,3,4,4,4,4,4,4,3,5,5,5,5,5,5,5,5,5,5,5,,
304,2026-02-25T07:35:57Z,316,微信,,101.39.24.186(北京-北京),65,2,1,2,1,1,2,2,1,1,1,1,0,1,0,0,0,0,3,1,1,1,0,0,3,5,2,4,1,2,1,3,3,2,2,2,3,3,5,3,4,5,3,4,1,3,1,产品设计方面，我觉得扶手应该做得更耐用一些，有些扶手用没多久就坏了。购买渠道嘛，我觉得应该多在电视上打打广告，让老人知道有哪些好产品。安装服务还行，师傅来得挺准时的。,
305,2026-02-25T07:36:17Z,215,微信,,111.32.118.40(天津-天津),73,1,1,2,3,2,2,2,1,0,1,0,0,0,0,0,0,1,3,1,0,1,1,0,4,5,3,4,2,4,5,3,2,3,1,2,2,3,4,2,3,4,5,4,3,3,2,安装后没测试承重，老人一用力就松动，吓一跳。,老人有顾虑，怕装了以后万一搬家，这东西带不走浪费钱，有没有那种可以拆卸带走的？
306,2026-02-25T07:37:05Z,256,微信,,111.32.124.245(天津-天津),72,2,4,2,3,2,5,1,1,0,1,1,1,0,0,1,0,0,3,1,0,1,1,0,4,4,3,4,2,3,3,2,4,3,2,2,4,5,3,4,3,1,2,2,5,4,3,,其实就希望这个社会对老人更友好一些，让他们觉得自己没有被遗忘，装扶手不是负担，是关爱。
307,2026-02-25T07:37:12Z,220,微信,,111.162.175.202(天津-天津),76,1,3,2,4,2,1,1,1,0,1,1,0,0,0,0,0,1,4,1,0,0,1,0,4,3,4,4,3,3,2,2,2,3,4,3,2,2,3,4,5,3,5,3,4,4,4,有些产品号称免打孔，用免钉胶粘的，但说明书上也没写多久能干，多久能受力。,
308,2026-02-25T07:37:58Z,258,微信,,111.163.79.200(天津-天津),71,2,1,1,2,1,1,2,1,1,0,0,0,1,0,0,0,0,2,1,1,1,0,0,3,4,3,2,2,3,5,4,4,4,4,1,2,2,2,2,4,3,4,2,4,4,3,,希望社区公示合格供应商名单，别让我们踩坑。
309,2026-02-25T07:38:03Z,207,微信,,117.11.242.19(天津-天津),97,1,3,2,4,3,3,1,1,0,1,1,1,0,0,1,0,0,5,1,1,1,1,0,5,5,5,4,5,5,5,5,2,4,3,3,5,3,4,4,3,3,4,5,5,5,5,没有提供多语言服务，我爸听不懂普通话，沟通困难。,希望政府多宣传防跌倒的案例，不用太吓人，就讲身边的小事，让老人意识到跌倒的风险，主动愿意装扶手、用扶手。
310,2026-02-25T07:38:36Z,218,微信,,117.9.91.204(天津-天津),85,1,1,2,3,2,4,2,1,1,1,1,0,0,0,1,0,0,2,0,0,1,1,0,5,4,4,4,3,5,4,4,2,3,3,3,4,4,4,3,4,5,4,5,2,4,2,没有专门针对独居老人的扶手套餐，购买、安装、售后分开找，太费心费力。,别光顾城市，农村老家的爸妈也需要，推广要全覆盖。
311,2026-02-25T07:39:17Z,355,微信,,111.30.120.22(天津-天津),101,2,2,1,1,1,6,2,1,0,1,0,1,0,0,0,1,0,3,1,0,1,1,0,5,5,5,4,4,5,3,5,4,4,5,4,4,4,5,4,5,4,3,5,5,4,5,我发现有些扶手设计得太不安全了，比如有的扶手边缘太锋利，容易划伤老人。购买渠道还算方便，但价格太不透明了，希望能有更明确的价格标签。安装服务还行，师傅装得挺结实的。,
312,2026-02-25T07:39:55Z,302,微信,,117.14.153.112(天津-天津),74,2,2,2,2,1,5,1,1,1,1,1,0,1,0,0,0,0,5,1,0,0,1,1,5,2,5,4,1,3,2,1,3,3,3,3,4,4,4,3,4,4,4,3,3,4,2,,
313,2026-02-25T07:40:16Z,309,微信,,221.198.238.6(天津-天津),95,2,4,2,3,2,1,1,1,1,1,0,1,1,0,0,0,0,2,1,1,1,1,0,4,4,5,5,4,5,4,3,3,5,4,3,3,3,5,4,4,4,4,4,5,5,5,扶手设计得太简单了，没有考虑到老人不同的需求，比如有的老人需要上下都有的扶手。购买渠道倒是挺多的，但价格太不透明了。安装服务一般，师傅装得还行，但态度不太好。,
314,2026-02-25T07:40:50Z,255,微信,,117.11.14.119(天津-天津),75,2,1,2,1,1,3,2,1,0,1,1,0,0,0,1,0,0,3,0,0,1,1,0,2,2,1,2,4,5,5,5,4,3,4,4,4,5,5,4,3,2,4,3,1,1,2,安装完没教怎么检查松动，等晃了才发现问题。,我希望政策上能鼓励医院和养老院等机构使用防跌倒扶手，形成良好的示范效应。
315,2026-02-25T07:41:14Z,265,微信,,111.32.105.229(天津-天津),106,1,4,1,4,3,2,2,1,0,1,1,0,0,1,0,0,0,4,1,1,1,1,0,4,4,3,5,5,5,3,4,5,5,5,5,4,5,4,5,5,5,5,5,5,5,5,客服连基本参数都说不清，问承重多少，答“应该没问题”。,最好是社区能统一招标，找个靠谱的厂家，价格公道还有保障，省得我们一家一家去比。
316,2026-02-25T07:42:07Z,279,微信,,111.33.213.20(天津-天津),99,1,4,2,3,3,1,2,1,0,0,0,0,0,0,1,0,0,3,1,1,1,1,0,3,4,4,4,5,5,4,4,5,4,5,4,4,5,3,5,4,5,4,5,5,5,3,线下很少有专门卖老人防跌倒扶手的门店，想实地摸一摸、看一看都不方便，只能盲买。,别用“残疾人用品”这种词，叫“助力扶手”或“安全把手”更合适。
317,2026-02-25T07:42:20Z,206,微信,,111.33.218.182(天津-天津),77,1,3,2,2,1,5,2,1,0,1,1,0,1,0,0,0,0,5,0,0,1,1,0,5,5,5,5,4,1,1,5,5,5,1,1,3,5,5,4,1,1,2,5,1,5,2,,
318,2026-02-25T07:42:44Z,233,微信,,60.27.193.22(天津-天津),81,2,5,3,4,3,5,2,1,0,1,1,1,0,0,1,0,0,3,1,1,0,0,0,2,1,2,3,4,3,5,5,3,1,3,4,3,5,4,3,4,4,5,4,4,5,4,扶手颜色用纯白，水垢一沾发黄，显得很脏。,社区能不能免费提供试用服务，先给老人装一段时间体验，用着顺手、觉得安全了，再决定购买安装，老人更容易接受。
319,2026-02-25T07:43:34Z,217,微信,,101.39.29.19(北京-北京),93,1,1,2,4,3,5,1,1,0,0,0,1,0,1,0,0,0,4,0,0,1,0,0,4,5,4,4,4,4,5,5,5,5,4,5,5,3,4,5,3,2,2,2,4,5,4,,
320,2026-02-25T07:43:54Z,195,微信,,111.33.244.192(天津-天津),79,2,2,3,2,2,4,2,1,1,1,1,0,0,0,0,0,1,3,0,1,1,1,0,3,3,4,3,4,4,3,5,3,4,3,3,5,5,4,5,1,2,2,1,4,4,4,,
321,2026-02-25T07:44:17Z,306,微信,,111.165.1.159(天津-天津),93,2,1,1,3,3,4,1,1,0,1,0,0,0,1,0,0,0,2,1,1,1,0,0,5,5,5,4,3,3,2,4,3,4,4,3,5,5,5,3,4,3,4,4,5,5,5,社区最好能组织个现场培训，教教我们到底咋用才对，光给安上不会使也白搭。,希望补贴能直接抵扣费用，不用我们先垫付再报销，一方面省了垫付的压力，另一方面也避免了后续报销的麻烦。
322,2026-02-25T07:44:46Z,283,微信,,60.26.94.128(天津-天津),92,2,3,1,4,3,1,2,1,1,1,0,0,0,0,0,0,1,1,0,1,0,1,0,3,3,3,3,5,5,5,4,4,3,4,3,4,5,4,3,5,4,5,4,4,4,5,材质闻着有怪味，新装完散了一周还有味，担心有毒。,我希望社区能提供一些防跌倒扶手的安装指南，让家属自己也能动手安装，更方便。
323,2026-02-25T07:45:20Z,294,微信,,117.15.92.66(天津-天津),80,2,2,1,2,1,3,1,1,1,1,1,0,0,0,1,0,0,3,1,0,0,0,0,3,3,3,3,5,3,5,5,3,3,2,3,4,3,4,4,4,4,3,4,4,2,3,,希望社区的宣传栏里，能长期张贴一些防跌倒的小知识，潜移默化地影响老人。
324,2026-02-25T07:45:37Z,261,微信,,117.11.45.187(天津-天津),96,1,3,2,3,1,4,2,1,0,1,1,0,1,0,0,0,0,2,1,1,1,1,0,2,5,4,4,5,5,4,4,4,4,3,4,4,2,5,5,5,5,4,5,5,4,4,,
325,2026-02-25T07:46:23Z,253,微信,,111.33.236.190(天津-天津),69,2,5,2,4,2,4,1,1,0,1,1,0,0,0,1,0,0,3,0,1,1,0,0,2,2,3,2,3,4,3,2,2,2,2,3,3,4,4,5,4,3,2,2,4,4,4,,
326,2026-02-25T07:47:00Z,190,微信,,111.33.244.192(天津-天津),90,1,2,3,1,1,1,1,1,1,0,1,0,1,0,0,0,0,5,1,0,1,1,0,5,4,5,3,5,5,5,5,4,4,5,5,1,3,2,2,4,3,4,2,4,5,5,我发现有些扶手设计得太不合理了，比如有的扶手离门太近，老人开门容易撞到。购买渠道还算方便，但价格太贵了，希望能有更多折扣。安装服务还行，师傅装得挺结实的，但没提醒老人注意安全事项。,
327,2026-02-25T07:47:50Z,327,微信,,117.11.45.187(天津-天津),98,1,1,1,3,2,5,2,1,1,1,0,0,1,0,0,0,0,1,0,0,1,1,0,5,4,4,4,4,5,5,4,5,5,5,4,5,5,5,5,4,2,2,2,4,5,5,没有针对左撇子的设计，我爸习惯左手发力，现在这个方向反着。,社区能不能找一些专业的设计师，根据老人的需求，设计出更美观、实用的防跌倒扶手。
328,2026-02-25T07:47:58Z,325,微信,,111.30.200.20(天津-天津),61,2,4,3,4,2,3,2,1,1,1,1,0,1,0,0,0,0,2,1,0,0,1,1,3,3,2,4,2,2,1,1,1,3,4,4,3,2,2,2,3,4,4,5,2,2,2,我想在阳台给老人安个扶手，方便他站着浇花，但市面上好像没有专门阳台用的。,
329,2026-02-25T07:48:42Z,206,微信,,111.33.219.26(天津-天津),94,2,4,3,3,3,2,2,0,0,1,0,1,0,0,1,0,0,2,1,0,1,1,0,4,4,5,4,5,4,5,4,4,3,4,3,4,3,3,4,5,5,5,5,4,4,3,,
330,2026-02-25T07:48:59Z,304,微信,,117.12.71.216(天津-天津),64,1,4,2,4,1,4,2,1,1,1,0,1,0,0,1,0,0,5,1,1,1,1,0,1,2,1,1,3,2,4,4,1,3,2,2,5,5,4,4,3,4,2,2,3,3,3,安装时间约好了又改，老人在家白等一天，气得不想装了。,社区服务里能不能有定期回访，看看老人使用扶手的情况，有没有什么问题需要解决。
331,2026-02-25T07:49:11Z,350,微信,,111.33.4.56(天津-天津),90,1,3,2,3,2,4,1,1,0,1,1,1,0,0,1,0,0,1,1,1,1,0,0,3,4,2,3,5,4,5,4,3,4,3,3,4,5,5,5,2,4,4,5,4,4,5,很多扶手设计得太死板了，说是能承重，但手感特别单薄，老人抓着心里就不踏实。,安装后发满意度问卷，真听老人意见，别走过场。
332,2026-02-25T07:49:33Z,276,微信,,117.11.14.119(天津-天津),59,2,2,1,2,2,2,1,1,1,1,1,0,1,0,0,0,0,2,1,1,1,0,0,2,2,3,2,3,2,2,2,3,3,1,1,2,2,2,3,5,4,5,5,2,2,1,,
333,2026-02-25T07:50:00Z,313,微信,,221.197.29.197(天津-天津),89,2,3,3,4,1,5,2,1,1,1,1,0,0,0,0,0,1,5,1,1,1,0,0,5,5,4,4,4,5,4,4,4,5,5,5,5,5,2,4,2,2,2,2,3,3,5,产品设计方面，我觉得扶手应该做得更轻便一些，方便老人移动。购买渠道嘛，我觉得应该多开些网店，让老人也能在网上买。安装服务还行，师傅来得挺准时的，但没带工具箱，还得回去拿。,
334,2026-02-25T07:50:18Z,348,微信,,117.9.236.87(天津-天津),90,1,3,2,3,2,3,1,0,0,1,1,0,0,0,1,0,0,2,1,0,1,0,0,5,5,5,5,4,3,3,2,4,4,3,4,5,5,5,3,3,3,3,3,4,5,4,,
335,2026-02-25T07:50:33Z,289,微信,,111.33.213.20(天津-天津),84,1,1,2,2,1,4,2,1,0,1,1,0,0,0,0,1,0,3,1,0,1,1,1,3,4,3,4,3,3,3,4,4,4,4,5,4,4,2,5,4,5,5,4,2,2,3,,
336,2026-02-25T07:51:14Z,210,微信,,117.9.91.204(天津-天津),82,2,1,1,1,1,6,2,1,1,0,1,0,0,0,1,0,0,3,1,1,1,1,0,5,5,4,5,4,3,3,2,4,4,4,4,4,2,4,3,3,3,3,3,3,4,3,,
337,2026-02-25T07:51:55Z,303,微信,,111.162.215.144(天津-天津),92,2,3,2,2,1,5,2,1,1,1,1,0,0,1,0,0,0,5,1,0,1,1,1,3,5,5,4,5,4,5,5,3,2,4,3,3,3,4,2,4,5,5,4,4,5,5,颜色全是冷冰冰的银灰，跟家里装修完全不搭，我妈嫌难看不肯用。,社区服务里能不能加上定期检查扶手是否牢固这一项，老人用着也放心，我们子女也安心。
338,2026-02-25T07:52:04Z,281,微信,,111.32.61.152(天津-天津),77,1,1,2,1,1,3,1,1,0,1,1,0,0,0,1,0,0,2,1,0,1,0,0,4,5,4,4,3,1,2,1,4,3,3,3,3,2,4,4,4,4,4,5,3,3,4,产品的说明书字太小了，又全是专业术语，老人根本看不懂，我们还得研究半天。,
339,2026-02-25T07:52:44Z,221,微信,,101.39.8.209(北京-北京),75,1,3,2,3,3,4,2,0,1,1,1,0,0,0,0,1,0,3,1,0,1,0,0,4,2,3,3,5,5,3,5,2,2,3,3,4,4,4,5,1,1,2,3,4,4,3,没有针对不同身高调整的设计，我爸1米6，装的标准高度他够不着。,有的老人就是怕花钱，如果有那种免费试用一段时间的活动，用好了再买，他们就没顾虑了。
340,2026-02-25T07:52:54Z,323,微信,,203.82.227.8(山东-威海),86,2,2,1,2,2,5,2,1,1,0,0,0,0,0,0,0,1,2,1,0,1,1,0,3,5,3,3,3,4,3,2,4,3,3,3,5,5,4,4,4,4,3,3,5,5,5,,
341,2026-02-25T07:53:39Z,220,微信,,117.11.13.184(天津-天津),98,1,3,1,3,2,2,2,1,0,1,0,0,0,0,1,0,0,1,1,0,1,1,1,4,4,5,4,4,4,5,5,4,5,3,4,4,5,5,4,5,3,4,4,4,4,5,产品设计方面，扶手颜色太单调了，应该多出点鲜艳的颜色，老人看着也开心。购买渠道嘛，我觉得实体店太少，得跑好远才能买到。安装服务还行，师傅挺负责的。,
342,2026-02-25T07:53:48Z,285,微信,,103.63.155.34(辽宁-沈阳),90,2,3,1,2,1,3,1,1,0,1,0,1,1,0,0,0,0,1,1,0,1,1,0,4,5,4,5,5,4,4,4,4,4,3,3,4,4,3,5,4,4,3,3,4,3,4,我家老人腰不好，需要那种从马桶上能借力的，但市面上大多是直的，高度也不可调。,希望能把防跌倒扶手和家庭医生签约服务结合起来，医生上门的时候可以顺便指导一下。
343,2026-02-25T07:54:03Z,220,微信,,117.11.14.119(天津-天津),82,1,2,2,2,1,2,2,1,0,0,1,1,0,0,0,0,1,2,1,0,1,0,0,4,2,3,4,4,3,4,4,5,5,4,4,4,3,2,3,4,4,4,4,3,2,3,没有考虑轮椅使用者，高度和角度完全不兼容。,社区服务里能不能有专门的人员，帮老人解决在使用扶手过程中遇到的技术问题。
344,2026-02-25T07:54:11Z,218,微信,,111.165.101.150(天津-天津),62,2,3,2,2,1,6,1,1,1,1,1,0,0,1,0,0,0,3,1,0,0,1,0,2,3,1,2,3,4,3,1,4,4,1,4,4,2,2,2,3,3,4,3,2,2,3,,
345,2026-02-25T07:55:03Z,229,微信,,117.11.45.187(天津-天津),97,2,2,2,2,3,3,1,0,0,1,1,1,0,0,1,0,0,1,1,0,1,1,0,4,5,3,3,5,5,5,5,4,4,2,3,3,5,4,4,5,4,5,5,5,4,5,产品重量太轻，感觉不扎实，反而不敢让老人使劲扶。,老人比较信任街道办和居委会，要是他们能上门做工作，推推荐一下，老人可能就松口了。
346,2026-02-25T07:55:36Z,242,微信,,111.162.172.85(天津-天津),85,2,4,1,3,1,3,2,1,0,1,0,0,0,0,1,0,0,2,1,1,1,1,0,4,2,2,2,5,4,5,5,3,3,2,5,4,2,3,5,5,4,3,4,4,4,5,扶手看着结实，一用就晃，安装根本没固定牢。,我希望能有社区人员上门给老人详细讲解扶手怎么用，还有为啥要装，让老人心里明白，别觉得装这个是嫌弃他们。
347,2026-02-25T07:55:38Z,267,微信,,36.106.254.111(天津-天津),81,1,2,1,1,1,1,1,1,1,1,1,0,0,0,1,0,0,2,1,1,0,1,1,2,4,2,5,4,2,2,3,5,4,4,4,4,5,3,2,4,4,4,5,2,3,4,安装时产生的垃圾，工人也不管清理，弄得满地是灰，还得老人自己收拾。,
348,2026-02-25T07:56:02Z,325,微信,,111.32.88.253(天津-天津),74,2,1,1,1,2,3,1,1,1,1,0,0,0,0,0,1,0,5,1,0,1,0,0,5,3,5,4,5,5,5,5,2,2,3,2,2,1,2,2,3,2,3,3,5,3,2,,
349,2026-02-25T07:56:53Z,336,微信,,111.165.51.164(天津-天津),89,1,1,2,2,1,4,2,1,0,1,0,0,1,0,0,0,0,1,1,0,1,0,0,4,2,4,4,5,5,4,5,3,4,4,2,4,5,4,4,4,3,2,3,5,4,5,,
350,2026-02-25T07:57:20Z,272,微信,,103.63.154.152(辽宁-沈阳),87,1,4,3,3,2,4,1,1,1,0,1,0,0,1,0,0,0,5,1,1,1,1,0,4,4,4,4,4,4,5,4,3,3,2,4,3,4,4,4,3,4,4,4,4,4,4,,能不能组织“邻里互助装”？低龄老人帮高龄申请，更有说服力。
351,2026-02-25T07:57:53Z,205,微信,,117.13.116.147(天津-天津),64,1,1,3,3,2,5,1,1,0,1,0,1,0,0,1,0,0,3,1,1,1,1,0,1,3,4,2,3,4,3,1,2,4,4,4,2,3,2,2,2,3,1,2,4,4,4,,
352,2026-02-25T07:58:29Z,309,微信,,111.30.200.160(天津-天津),101,1,4,2,3,2,4,2,1,0,1,1,0,0,1,0,0,0,1,1,0,1,1,0,5,4,5,4,5,5,4,5,3,4,4,5,5,4,5,5,4,4,4,4,4,4,5,,希望社区志愿者帮拍照上传申请材料，简化流程。
353,2026-02-25T07:59:18Z,324,微信,,116.130.31.254(天津-天津),80,1,4,3,3,2,1,2,1,0,1,1,0,0,1,0,0,0,4,1,0,0,0,1,5,5,5,4,5,5,4,5,1,3,2,3,5,3,2,2,2,3,2,2,5,3,4,想给老人装个可折叠的，结果发现铰链特别紧，他根本掰不动。,政策上能不能给安装防跌倒扶手的商家一些税收优惠，这样他们可能会更积极推广。
354,2026-02-25T08:00:05Z,212,微信,,111.32.68.206(天津-天津),83,2,3,2,4,3,4,2,1,0,1,0,0,1,0,0,0,0,1,1,1,0,1,0,3,4,5,4,2,2,2,2,5,5,3,4,5,5,5,5,4,4,3,3,3,3,2,,
355,2026-02-25T08:00:14Z,315,微信,,111.30.125.82(天津-天津),94,2,3,2,2,3,1,2,1,0,1,1,1,0,1,0,0,0,2,1,0,0,0,0,5,5,4,5,5,5,4,4,4,3,3,2,4,5,5,5,3,3,4,3,3,5,5,哪怕给发个安装补贴券也好啊，我们自己买也能省点钱。,安装时间灵活点，别总在上班时间，我们请假难，老人又不会沟通。
356,2026-02-25T08:00:20Z,186,微信,,111.165.1.159(天津-天津),97,2,5,3,4,2,2,2,1,0,0,1,0,0,0,0,1,0,4,1,0,1,0,0,5,4,5,5,4,3,5,5,4,5,5,3,3,3,4,4,4,5,4,3,5,5,4,安装收费项目模糊，“基础安装免费”但打孔另收费。,政府能不能对生产厂家有严格的监管，别让那些劣质产品害人，我们只敢买有认证的。
357,2026-02-25T08:00:26Z,323,微信,,60.27.43.240(天津-天津),64,2,1,2,3,2,1,2,1,0,0,0,0,0,0,1,0,0,2,1,1,1,0,0,3,3,2,1,2,4,1,3,3,4,2,1,3,3,3,3,5,3,4,2,2,3,4,想买个带夜光的，搜半天全是工业款，家用的根本找不到。,我觉得可以找一些使用过防跌倒扶手的老人来分享经验，让其他老人看到实际效果，就更容易接受了。
358,2026-02-25T08:00:38Z,320,微信,,111.33.213.20(天津-天津),81,2,1,2,3,2,4,2,0,1,1,1,0,0,0,0,1,0,4,1,1,1,1,0,4,3,5,4,4,2,2,3,3,3,3,5,4,4,5,5,2,3,3,2,4,4,4,想买抗菌材质的，问客服支支吾吾，拿不出检测报告。,希望政府能出台一些标准，规范防跌倒扶手的生产和安装，保证质量。
359,2026-02-25T08:00:58Z,233,微信,,101.39.31.166(北京-北京),93,1,2,2,4,3,5,2,1,0,1,0,0,0,0,0,0,1,2,1,0,0,0,0,3,4,2,4,4,5,4,4,4,4,2,2,5,3,4,5,5,5,5,5,5,4,5,,
360,2026-02-25T08:01:07Z,313,微信,,111.30.200.20(天津-天津),61,1,3,2,2,1,3,2,1,1,1,1,0,0,0,1,0,0,2,1,0,1,1,0,2,3,2,3,1,1,2,2,2,3,3,2,3,4,3,4,5,3,5,5,1,1,1,我在网上看过那种夜光的，但评价说吸光时间短，后半夜根本不亮，这不糊弄人吗。,
361,2026-02-25T08:01:55Z,311,微信,,101.39.8.107(北京-北京),66,1,2,1,1,1,4,1,1,1,0,1,0,1,0,0,0,0,2,1,0,0,0,0,2,2,2,2,4,2,4,3,2,2,1,3,3,3,3,3,4,4,5,5,1,3,3,有些小区楼道里安的扶手离墙太近，手都伸不进去，只能搭个指尖，根本扶不住。,
362,2026-02-25T08:02:25Z,348,微信,,103.63.155.229(辽宁-沈阳),83,1,3,2,3,2,5,2,1,1,1,1,0,0,0,0,1,0,3,0,1,1,0,0,3,2,1,2,4,5,5,4,5,2,4,4,5,4,3,4,3,4,2,3,5,5,4,扶手设计得太冰冷了，老人握着不舒服，应该出点带加热功能的。购买渠道倒是挺多的，但网上买容易被骗，希望能有更靠谱的购买渠道。安装服务挺好的，师傅很专业，还教了老人怎么正确使用扶手。,
363,2026-02-25T08:02:29Z,271,微信,,101.39.9.71(北京-北京),79,1,1,3,1,1,3,2,1,0,1,0,0,0,0,1,0,0,3,1,0,0,0,0,3,2,3,1,3,5,3,3,4,4,3,3,3,4,4,2,3,4,4,4,5,4,5,没有真实用户使用场景图，全是渲染效果图，误导人。,希望能有针对老人的扶手科普手册，字大一点、图多一点，少点专业术语，让老人自己也能看懂，知道扶手的好处和用法。
364,2026-02-25T08:03:08Z,265,微信,,101.39.9.71(北京-北京),75,1,2,2,2,2,3,2,1,1,1,1,0,0,0,1,0,0,2,1,0,0,0,0,1,2,3,3,5,4,5,5,3,2,2,3,3,2,3,2,4,5,4,4,4,3,3,哪怕政府补贴一部分也行，别让我们全担着，退休金也不多。,能不能请社区医生上门评估？他们说的话，老人更信。
365,2026-02-25T08:03:25Z,291,微信,,111.33.213.239(天津-天津),97,2,5,3,4,3,3,2,1,1,1,1,0,0,1,0,0,0,4,1,1,1,1,0,4,4,4,5,5,4,4,4,4,5,4,5,5,5,4,5,3,4,2,4,4,4,5,工人安装时为了省事，不按说明书来，把螺丝打歪了，我们也不懂，当时没看出来。,
366,2026-02-25T08:03:47Z,285,微信,,111.32.113.84(天津-天津),99,2,2,1,2,1,3,1,1,0,1,1,0,0,0,1,0,0,3,1,0,1,1,0,4,4,4,5,4,4,5,5,4,5,4,3,4,4,5,4,3,5,4,5,5,4,5,我发现有些扶手设计得太不合理了，比如有的扶手离墙太远，老人够不着墙。购买渠道还算方便，但价格太贵了，希望能有更多优惠活动。安装服务挺好的，师傅很负责，还帮老人检查了扶手是否牢固。,
367,2026-02-25T08:04:19Z,278,微信,,111.30.216.94(天津-天津),91,1,3,3,4,1,6,1,1,1,1,1,0,0,1,0,0,0,4,1,1,1,1,0,3,3,5,3,3,3,5,3,3,3,4,4,5,5,5,4,5,5,5,4,5,4,2,,希望社区公告栏贴安装前后对比照，视觉冲击强。
368,2026-02-25T08:04:55Z,233,微信,,111.32.113.84(天津-天津),92,2,4,2,3,3,4,2,0,1,1,0,0,1,0,0,0,0,3,1,0,1,1,1,4,4,4,2,5,4,4,5,3,4,4,2,3,4,4,4,4,5,5,4,5,5,4,我觉得现在的扶手市场太乱了，没有一个让人放心的大品牌，都是一些小厂在做。,
369,2026-02-25T08:04:55Z,236,微信,,111.30.229.37(天津-天津),76,2,2,3,2,1,6,1,1,1,1,0,0,1,0,0,0,0,2,1,1,1,0,0,4,3,4,3,4,4,4,3,3,4,3,2,4,3,4,3,2,2,3,3,3,4,4,,
370,2026-02-25T08:06:19Z,351,微信,,111.31.134.123(天津-天津),84,1,4,2,3,1,2,2,1,0,0,0,0,0,1,0,0,0,2,1,1,0,1,0,3,4,4,5,4,5,5,5,2,3,4,1,3,2,4,4,5,5,3,4,4,3,2,,
371,2026-02-25T08:06:20Z,243,微信,,60.26.94.128(天津-天津),81,1,3,3,2,2,4,2,1,0,0,0,0,0,1,0,0,0,3,0,0,1,1,1,4,5,4,5,4,4,4,5,1,2,3,3,3,2,2,2,5,4,4,4,3,4,4,,安装前签协议，写清责任和售后，我们心里踏实。
372,2026-02-25T08:06:40Z,354,微信,,36.106.252.241(天津-天津),100,2,3,2,3,2,4,1,1,1,1,0,0,0,0,0,0,1,3,0,1,0,0,0,5,5,5,5,5,5,4,5,4,4,4,4,4,3,3,5,4,5,4,5,4,4,4,扶手转角太急，我爸转身时胳膊肘卡着疼。,社区能不能建立一些防跌倒扶手的体验区，让老人亲自去试试，感受它的好处。
373,2026-02-25T08:06:53Z,193,微信,,60.27.43.240(天津-天津),88,2,2,2,1,1,4,1,0,1,1,1,0,0,1,0,0,0,2,1,0,1,0,1,4,4,3,3,4,5,3,3,5,3,4,4,4,3,2,3,4,5,5,4,5,5,3,,
374,2026-02-25T08:07:36Z,243,微信,,60.25.179.213(天津-天津),83,1,4,1,3,2,3,1,1,1,1,1,0,0,0,1,0,0,2,1,1,0,1,1,4,5,3,4,4,3,3,3,4,5,5,4,4,3,3,3,4,4,4,5,2,2,2,我发现有些扶手设计得太不实用了，比如有的扶手太高，老人够不着。购买渠道还算方便，但价格差异太大了，不知道该信哪个。安装服务挺好的，师傅很细心，还帮老人调整了扶手角度。,
375,2026-02-25T08:08:01Z,303,微信,,111.163.177.217(天津-天津),82,1,3,2,4,3,5,2,1,1,0,0,0,1,0,0,0,0,2,1,1,0,0,0,5,5,4,5,4,5,4,4,2,3,3,4,3,4,3,3,2,4,3,3,3,3,3,买扶手没有个标准可以参考，全凭商家一张嘴，到底多粗多高符合人体工学，咱也不知道。,
376,2026-02-25T08:08:22Z,266,微信,,111.30.244.16(天津-天津),93,2,4,2,3,2,3,1,1,0,1,1,0,0,0,1,0,0,1,1,0,1,0,0,4,4,5,5,5,5,5,5,3,5,3,3,4,5,4,4,3,2,3,3,4,4,5,,装之前量身定制方案，别一刀切，我家马桶位置特殊。
377,2026-02-25T08:08:58Z,192,微信,,111.33.236.190(天津-天津),78,1,1,2,3,1,5,1,1,1,1,1,0,0,0,1,0,0,2,0,1,1,0,0,3,2,5,4,4,5,4,5,3,1,1,2,5,4,4,5,3,2,2,2,4,3,5,,有些老人自尊心强，不愿意麻烦子女，社区能不能提供一个“悄悄装”的服务，不惊动太多人。
378,2026-02-25T08:09:43Z,233,微信,,117.11.135.134(天津-天津),90,2,2,1,1,1,4,2,1,1,1,0,1,0,0,1,0,0,5,1,1,1,1,0,4,4,5,4,5,5,5,5,4,3,4,4,4,4,4,4,2,2,3,3,4,3,5,有些扶手表面太滑，我爸手上有汗，一抓就打滑，白装了。,政策上能不能对生产防跌倒扶手的企业有一些扶持，让扶手的质量更好，价格更实惠。
379,2026-02-25T08:09:47Z,280,微信,,116.130.31.254(天津-天津),65,1,1,1,1,1,2,1,1,1,1,1,0,1,0,0,0,0,1,1,1,0,1,0,3,3,3,2,2,1,2,1,4,5,4,4,4,2,4,3,3,3,2,4,2,2,2,,希望在政策执行的时候，能考虑到不同老人的支付能力，分档补贴，最困难的全免费。
380,2026-02-25T08:10:12Z,290,微信,,111.33.209.7(天津-天津),88,2,2,1,1,1,2,2,1,0,1,0,0,0,0,1,0,0,1,1,1,1,1,0,5,5,5,5,5,5,3,4,4,4,4,4,3,2,2,4,2,3,4,2,4,5,4,,
381,2026-02-25T08:10:20Z,248,微信,,60.26.15.143(天津-天津),97,1,4,2,4,3,3,1,1,0,1,0,0,1,0,0,0,0,2,1,1,0,0,0,4,4,4,5,4,4,4,4,4,3,2,2,4,4,5,5,5,5,5,5,5,5,5,想配个同色系的防滑垫，结果颜色对不上，很突兀。,如果能有政府或者社区发的红头文件，推荐哪些品牌可靠，我们买着也放心，不会被骗。
382,2026-02-25T08:10:24Z,353,微信,,221.198.113.67(天津-天津),62,1,3,1,2,1,3,2,1,0,1,1,1,0,0,1,0,0,4,1,0,0,0,0,3,4,3,3,2,1,1,3,2,2,3,2,4,3,2,4,3,4,3,4,1,3,2,,
383,2026-02-25T08:11:04Z,315,微信,,218.67.165.232(天津-天津),76,1,1,3,2,1,4,2,1,1,1,0,0,0,1,0,0,0,2,1,1,1,0,0,2,3,3,2,5,5,4,4,2,2,1,2,3,4,4,5,4,4,3,4,4,2,4,对于那些楼层高没有电梯的，希望能优先给解决，上下楼太难了。,社区老年大学开个短课，讲防跌倒知识，顺便介绍扶手好处。
384,2026-02-25T08:11:30Z,231,微信,,182.51.86.22(河北-廊坊),105,1,3,3,2,1,4,2,1,0,0,0,0,0,1,0,0,0,2,1,0,1,0,0,5,5,5,5,5,5,5,5,4,5,5,4,4,4,5,4,4,3,4,4,5,5,5,安装前没人来量尺寸，结果马桶旁边装不下，白跑一趟。,希望政府能宣传一下防跌倒扶手的重要性，让更多人知道，老人也就更容易接受了。
385,2026-02-25T08:12:12Z,284,微信,,111.30.200.20(天津-天津),89,2,3,2,4,1,4,2,1,0,0,0,0,0,0,1,0,0,2,1,0,1,1,1,3,3,3,3,5,5,5,4,4,5,5,5,2,4,3,3,5,2,4,3,5,4,4,,
386,2026-02-25T08:12:13Z,286,微信,,111.31.185.115(天津-天津),112,1,2,1,2,1,6,2,1,1,1,1,0,0,1,0,0,0,2,1,1,1,1,0,5,5,5,5,5,5,4,5,5,5,5,5,5,5,4,5,4,5,5,5,5,5,5,我发现有些扶手设计得太不安全了，比如有的扶手边缘有毛刺，容易划伤手。购买渠道还算方便，但价格太不透明了，希望能有更明确的价格公示。安装服务还行，师傅装得挺结实的，但没教老人怎么正确使用扶手以避免摔倒。,
387,2026-02-25T08:13:02Z,263,微信,,218.67.165.232(天津-天津),77,2,4,2,4,3,6,1,1,0,1,1,0,0,0,0,1,0,3,1,0,1,0,0,5,5,5,5,3,4,4,3,1,2,3,2,4,4,3,4,2,2,3,3,4,3,3,,
388,2026-02-25T08:13:34Z,283,微信,,111.33.218.50(天津-天津),93,2,4,2,4,2,3,1,0,1,1,1,0,0,0,1,0,0,4,1,0,0,0,0,5,5,3,5,3,4,4,4,4,4,5,5,5,3,3,4,3,4,5,4,4,4,3,有的产品宣传说能承重300斤，但实际固定点就两个螺丝，感觉不太靠谱。,
389,2026-02-25T08:14:24Z,287,微信,,111.163.177.217(天津-天津),96,1,4,2,3,1,2,2,1,0,1,1,0,0,0,1,0,0,3,1,0,0,0,0,5,4,4,5,5,5,4,5,5,5,4,5,3,3,4,4,4,4,3,4,3,4,4,,
390,2026-02-25T08:15:16Z,233,微信,,60.26.15.143(天津-天津),85,1,3,1,3,2,5,2,1,1,1,0,0,1,0,0,0,0,3,1,1,0,1,1,2,4,3,3,5,4,3,4,2,5,3,4,4,3,3,4,4,4,4,4,5,4,4,没有本地实体体验店，只能凭想象买，风险太大。,社区服务里能不能有定期的扶手安全检查，确保老人使用时的安全。
391,2026-02-25T08:15:41Z,186,微信,,182.51.86.22(河北-廊坊),79,2,4,2,3,2,3,1,1,0,1,1,0,0,1,0,0,0,3,1,1,1,0,0,5,4,5,4,2,3,3,3,4,3,4,4,4,2,5,3,2,2,2,3,4,5,3,,
392,2026-02-25T08:16:08Z,202,微信,,117.11.135.134(天津-天津),97,1,2,2,3,3,2,2,1,0,1,0,0,1,0,0,0,0,1,1,0,1,1,0,5,3,4,4,4,5,5,5,4,4,3,5,4,5,4,4,4,4,4,4,5,4,4,扶手设计得太不美观了，影响家里装修效果，应该出点时尚点的。购买渠道倒是挺多的，但网上买容易买到假货，希望能有更正规的购买渠道。安装服务还行，师傅来得挺快的，但没带鞋套，把地弄脏了。,
393,2026-02-25T08:16:52Z,355,微信,,101.39.17.188(北京-北京),101,2,1,2,3,2,2,1,1,0,0,1,0,1,0,0,0,0,3,0,1,1,1,1,5,5,4,4,5,4,4,5,2,5,5,4,4,4,4,4,4,5,5,5,5,5,4,,我们小区门口就有个老年人活动站，要是能在那里设置一个咨询点，我们天天路过就能问。
394,2026-02-25T08:17:47Z,321,微信,,101.39.0.7(北京-北京),102,2,2,1,1,1,4,2,1,0,1,1,0,1,0,0,0,0,2,1,0,1,0,0,3,5,4,4,4,5,4,5,4,4,4,5,5,4,5,5,4,4,5,5,5,5,4,扶手材质得选冬天不冰手的，这细节得考虑周全，不然天冷了不敢摸。,社区能不能组织老人参观装了扶手的家庭？眼见为实，比光说管用。
395,2026-02-25T08:17:59Z,351,微信,,60.27.107.99(天津-天津),78,1,2,3,2,2,4,2,1,0,1,1,0,0,0,0,1,0,5,1,1,1,1,0,3,2,3,1,4,5,4,3,3,4,5,5,3,3,3,4,3,5,4,4,1,3,3,装完扶手后，师傅不清理现场，打孔留下的灰尘、垃圾都得自己收拾，特别不方便。,希望材质亲肤不冰手，冬天用着不哆嗦。
396,2026-02-25T08:18:02Z,219,微信,,36.106.205.91(天津-天津),80,2,1,1,3,3,2,1,1,0,1,1,0,0,0,1,0,0,1,1,1,1,0,0,4,4,3,3,1,1,3,2,5,5,4,5,5,5,4,4,4,3,2,3,3,2,5,现在的扶手款式做得太医疗化了，跟医院似的，老人看着就觉得自己不行了，心里抵触。,社区能不能和商家合作，推出一些优惠套餐，比如买两个扶手送一个浴室凳？
397,2026-02-25T08:18:21Z,270,微信,,111.30.233.100(天津-天津),78,1,2,1,1,1,2,2,0,0,1,0,0,0,1,0,0,0,3,1,0,1,0,0,4,2,3,3,3,4,4,4,2,3,3,3,3,4,2,3,4,4,4,5,4,3,4,,
398,2026-02-25T08:18:28Z,212,微信,,218.67.165.232(天津-天津),83,1,1,2,3,1,2,2,1,0,1,1,0,0,0,1,0,0,2,1,1,1,0,0,3,2,2,3,3,3,4,3,4,3,2,4,5,4,4,5,4,5,5,5,4,2,4,有些扶手底座特别大，占了老多地方，本来卫生间就小，安完更转不开身了。,
